Registro_ANS;Logradouro;Numero;Complemento;Bairro;Cidade;UF;CEP
419761;RUA CAPITÃƒO MEDEIROS DE REZENDE;274;;PRAÃ‡A DA BANDEIRA;AlÃ©m ParaÃ­ba;MG;36660000
421545;RUA CATÃƒO;128;SALA 126;VILA ROMANA;SÃ£o Paulo;SP;5049000
421421;RUA: BERNARDINO DE CAMPOS;230;1Âº ANDAR;CENTRO;Campinas;SP;13010151
422908;RUA ITÃLIA;33;SALA 6;JARDIM BONFIGLIOLI;JundiaÃ­;SP;13207280
418030;RUA VOLUNTÃRIOS DA PÃTRIA;2525;CONJUNTO 143 - SALA 01;SANTANA;SÃ£o Paulo;SP;2401000
314668;AV. BERNARDO MONTEIRO;831;Subsolo, 2Âº andar e 3Âº andar;SANTA EFIGÃŠNIA;Belo Horizonte;MG;30150281
419621;AVENIDA JOSÃ‰ DA SILVA NETO;200;BLOCO 4, SALA 403;BARRA DA TIJUCA;Rio de Janeiro;RJ;22775056
424242;RUA CEL. JOSÃ‰ EUSEBIO;95.0;SALA 13;HIGIENOPOLIS;SÃ£o Paulo;SP;1239030
418901;RUA BUENOS AIRES;68;SALA 2901;CENTRO;Rio de Janeiro;RJ;20070020
421553;AVENIDA PEDROSO DE MORAIS;272;CJ 96;PINHEIROS;SÃ£o Paulo;SP;5420000
416932;Avenida Valdemar Ferreira;463;;ButantÃ£;SÃ£o Paulo;SP;5501000
422347;AVENIDA RIO BRANCO;125;15Âº ANDAR  SALA 1501;CENTRO;Rio de Janeiro;RJ;20040006
335657;RUA DOS BURITIS;128;SALA 202 - CENTRO EMPRESARIAL ZONA SUL;JABAQUARA;SÃ£o Paulo;SP;4321000
413283;ALAMEDA GRAJAÃš;60;SALA 2814;ALPHAVILLE INDUSTRIAL;Barueri;SP;6454050
419907;AVENIDA FONSO PENA ;867;23Âº ANDAR - SALAS 2301 A  2305;CENTRO;Belo Horizonte;MG;30130905
417424;Alameda Santos;2441;Conjuntos 41 e 42, 4Âº andar, Sala admini;Cerqueira CÃ©sar;SÃ£o Paulo;SP;1419101
368920;AVENIDA PURDUE;S/N;;CAMPUS DA UFV;ViÃ§osa;MG;36570900
424285;AVENIDA PRESIDENTE KENNEDY;1001.0;BLOCO D;PEIXINHOS;Olinda;PE;53230971
417742;AVENIDA RIO BRANCO;131;10Âª ANDAR - PARTE;CENTRO;Rio de Janeiro;RJ;21040006
416975;RUA CUSSY DE ALMEIDA JUNIOR;1931;;SAO JOAO;AraÃ§atuba;SP;16025050
421928;Avenida RebouÃ§as ;3535;;Pinheiros;SÃ£o Paulo;SP;5401400
417289;ALAMEDA SANTOS;1357;2Âº e 7Âº ANDAR;JARDIM PAULISTA;SÃ£o Paulo;SP;1419908
417459;SCS QD. 03 BLOCO A;LOTE;107/111;ASA SUL;BrasÃ­lia;DF;70303907
515;RUA EUGÃŠNIO DE MEDEIROS;303;7Âº ANDAR - PARTE;PINHEIROS;SÃ£o Paulo;SP;5425000
423262;RUA REGENTE FEIJO;712.0;SALA 93 EDIF JOAO PUPO;CENTRO;Campinas;SP;13013050
419982;AVENIDA DAS SIBIPIRUNAS;2656;1Âº ANDAR, SALA 03;SETOR COMERCIAL SUL;Sinop;MT;78550029
420255;Alameda Santos;2441;4Âº andar, cjs 41 e 42, sala 01;Cerqueira CÃ©sar;SÃ£o Paulo;SP;1419101
344800;ALAMEDA SANTOS;1827;11 ANDAR SALA 111;CERQUEIRA CESAR;SÃ£o Paulo;SP;1419909
424234;ESTRADA DO TINDIBA;1630;;TAQUARA;Rio de Janeiro;RJ;22740362
419052;TRAVESSA NOVE DE JANEIRO;1295;;SÃƒO BRAZ;BelÃ©m;PA;66060575
423351;AVENIDA CALAMA;2715;SALA 2715C;LIBERDADE ;Porto Velho;RO;76803883
304531;RUA SAMPAIO;376;;CENTRO;Juiz de Fora;MG;36010360
413330;RUA ARAGUAIA;13;;JACAREPAGUA;Rio de Janeiro;RJ;22745270
394734;RUA UBATU MIRIM;45;3Âº ANDAR;VILA GEA;SÃ£o Paulo;SP;4692010
321338;AVENIDA CALAMA;2615;PRÃ‰DIO;LIBERDADE;Porto Velho;RO;76803884
401081;RUA FELIPE CARDOSO;1025;;SANTA CRUZ;Rio de Janeiro;RJ;23510006
418587;RUA DOUTOR LUIZ ALBERTO VIEIRA DOS SANTO;141;1Âº ANDAR;VILA SANTISTA;Atibaia;SP;12941030
421731;RUA PEDRO JOSÃ‰ SENGER;230;;VILA HARO;Sorocaba;SP;18015000
326305;Avenida Doutor Chucri Zaidan ;S/ NÂº;6Âº, 7Âº, 8Âº ,9Âº, 16Âº, 20Âº e 23Âº  andares ;VILA FRANCISCO;SÃ£o Paulo;SP;4711130
325465;PÃ‡ COMENDADOR JOÃƒO PIO FIGUEIREDO WESTIN;107;;MOCOQUINHA;SÃ£o SebastiÃ£o do ParaÃ­so;MG;37957148
422720;Av. Nilo PeÃ§anha;50;Grupo 2501;CENTRO;Rio de Janeiro;RJ;20020906
423858;RUA INCONFIDÃŠNCIA ;488;SALA 201;CENTRO;Betim;MG;30411023
423319;QUADRA 02 LOTE 03 1Âº ANDAR PARTE ;9.0;JARDIM DA BARRAGEM I;JARDIM DA BARRAGEM I;Ãguas Lindas de GoiÃ¡s;GO;72920004
421871;RODOVIA DO CAQUI;1150;SALA PRÃ“XIMA AO PRONTO SOCORRO;ARAÃ‡ATUBA;Campina Grande do Sul;PR;83430000
422932;AVENIDA PRESIDENTE VARGAS;534;SALA 1501;CENTRO;Rio de Janeiro;RJ;20071000
421693;Rua BarÃ£o de MelgaÃ§o;2754;Sala 406;Centro;CuiabÃ¡;MT;78020800
416070;AV. CARANDAI;1115;;FUNCIONARIOS;Belo Horizonte;MG;30130915
422941;Rua Visconde de Taunay;601.0;;Bom Retiro;SÃ£o Paulo;SP;1132000
352152;RUA LOEFGREEN ;1291;CONJUNTO 62;VILA CLEMENTINO;SÃ£o Paulo;SP;4040031
424340;AVENIDA PEDRO PAES DE AZEVEDO;615;LOJA 03;GRAGERU;Aracaju;SE;49025570
417769;RUA JOÃƒO HIPÃ“LITO DE AZEVEDO;18;SALA 3 - TÃ‰RREO;CENTRO;ConceiÃ§Ã£o do JacuÃ­pe;BA;44245000
423912;Rua Presidente Prudente;267;2Âº andar;Jardim SÃ£o Paulo;Guarulhos;SP;7110140
325236;RUA ÃLVARO CORREA BORGES;43;ED. GILBERTO MAIDA MELLACE;VILA DR. EIRAS;SÃ£o Paulo;SP;8010200
365297;AVENIDA UNIVERSIDADE;28;QUADRA 03;COHAFUMA;SÃ£o LuÃ­s;MA;65070650
423432;Rua Bom Pastor;430.0;Sala 11;Iputinga;Recife;PE;50670260
409634;RUA SENADOR PINHEIRO MACHADO;446;;CENTRO;Ponta Grossa;PR;84040310
360783;ALAMEDA MAURÃCIO DE NASSAU;241;CX  POSTAL: 130;CENTRO;Holambra;SP;13825000
317632;AV. BRIGADEIRO LUIZ ANTONIO;4843;;JARDIM PAULISTA;SÃ£o Paulo;SP;1401002
343129;AV. ANTONIO CARLOS MAGALHAES;3213;EDIFÃCIO GOLDEN PLAZA,  SALA 405 a 408;PARQUE BELA VISTA;Salvador;BA;40280000
420093;AV DOUTOR CARLOS RODRIGUES DA CRUZ;401;;CAPUCHO;Aracaju;SE;49081015
406635;RUA DR. COUTINHO;535;;CENTRO;Itapetininga;SP;18200358
410608;RUA PIONEIRO JOSÃ‰ LORENCETE;420;;JARDIM BONGIOVANI;Presidente Prudente;SP;19050350
417599;RUA DOS ANDRADAS;846;;CENTRO;Porto Alegre;RS;90020006
333867;AVENIDA JULIO BORELLA;1240;CONJUNTO 406;CENTRO;Marau;RS;99150000
406554;RODOVIA MARIO COVAS;400;;COQUEIRO;Ananindeua;PA;67110000
411752;RUA ALBUQUERQUE MARANHÃƒO;72;;CAMBUCI;SÃ£o Paulo;SP;1540020
322326;RUA FREI CORNELIO;200;;LAURINDO DE CASTRO;UbÃ¡;MG;36500000
304131;RUA BARÃƒO DE JAGUARA;707;10Âº ANDAR / SALAS 101/104 - BLOCO MOZART;CENTRO;Campinas;SP;13015926
382540;RUA SENADOR DANTAS;117;SLJ 211,212,213;CENTRO;Rio de Janeiro;RJ;20034900
417947;AVENIDA MEIRA JUNIOR;585;;CAMPOS ELISEOS;RibeirÃ£o Preto;SP;14085230
417955;RUA ALBERTO FOLLONI;543;;AHÃš;Curitiba;PR;80540000
416690;RUA ALBITA;194;6Âº ANDAR;BAIRRO CRUZEIRO;Belo Horizonte;MG;30310160
416568;RUA CARANGOLA;531;;SANTO ANTÃ´NIO;Belo Horizonte;MG;30330240
314218;RUA AMÃ‰RICO VENTURA;123;;ALTO DA MOOCA;SÃ£o Paulo;SP;3128010
423475;Rua 13 de Junho ;2101;;Centro;CuiabÃ¡;MT;78025000
422321;RUA EPITÃCIO PESSOA;651;;CENTRO;JaraguÃ¡ do Sul;SC;89251100
418731;RUA RAFAEL ALOISI;51;;VILA REZENDE;Piracicaba;SP;13405205
417530;RUA TIRADENTES;293;CJ 51 A 54 - LOTE 5A;VILA ITAPURA;Campinas;SP;13023190
393533;RUA ARTUR VITAL DA SILVA;58;;GRUTA DE LOURDES;MaceiÃ³;AL;57052260
420000;RUA SANTA CRUZ;s/n;HOSPITAL MANOEL NOVAIS;BAIRRO DE FÃTIMA;Itabuna;BA;45603305
387185;RUA SETE DE SETEMBRO;55;25 Âº ANDAR;CENTRO;Rio de Janeiro;RJ;20050004
330281;Rua CorÃ¡lio Soares de Oliveira;497;;Centro;JoÃ£o Pessoa;PB;58013260
384704;AV. ADÃ‰LIA FRANCO;3035;;DIA;Aracaju;SE;49048010
382639;RUA URUGUAI;155;CONJ.1010;CENTRO;Porto Alegre;RS;90010140
306754;RUA 83;218;QUADRA F-15, LOTE 26;SETOR SUL;GoiÃ¢nia;GO;74083020
388092;RUA FRANCO DE SÃ;812;1Âº ANDAR;SÃƒO FRANCISCO;Manaus;AM;69079210
335754;RUA DR. JOSÃ‰ PEROBA;149;EDF ELDORADO 1Âº ANDAR SL: 101/102 e 902;STIEP;Salvador;BA;41770235
309028;RUA SENADOR DANTAS;117;SLJ 201, 206 A 209 SALAS 208, 301, 302 3;CENTRO;Rio de Janeiro;RJ;20010000
419591;AVENIDA SENADOR LEMOS;904;;UMARIZAL;BelÃ©m;PA;66050000
342556;RUA JOSÃ‰ MÃRIO MONACO;358;;CENTRO;Bento GonÃ§alves;RS;95700068
326755;AV. BANDEIRANTES;618;;JD. LONDRILAR;Londrina;PR;86015900
422053;AV CONTORNO;3455;GALPAO 8, SALA 36, PARTE A;DISTRITO INDUSTRIAL PAULO CAMI;Betim;MG;32669900
416584;RUA FIORAVANTE JOÃƒO FERRI;99;;JARDIM ALVORADA;Campo MourÃ£o;PR;87308445
402206;RUA T-29 C/ T-9;1758;;SETOR BUENO;GoiÃ¢nia;GO;74215050
421618;PraÃ§a Nossa Senhora Aparecida;61;Sala 01;Nossa Senhora Aparecida;Vargem Grande do Sul;SP;13880000
423807;Rua Ramiro Barcelos;910;;Moinhos de Vento;Porto Alegre;RS;90035001
419150;RUA SÃƒO LUCAS;21;Andar 1 e 2;PERPÃ‰TUO SOCORRO;SÃ£o JoÃ£o da Boa Vista;SP;13870529
417211;RUA TIMBIRAS;2928;3Âº ANDAR;BARRO PRETO;Belo Horizonte;MG;30140062
420158;RUA BELEM;423;;CENTRO;Catanduva;SP;15800280
420816;Rua JosÃ© Antunes Azevedo Filho;70;;Jardim Nova ItÃ¡lia;Limeira;SP;13484401
418617;RUA MATEUS LEME;2018;2Âº ANDAR;CENTRO CÃVICO;Curitiba;PR;80530010
422631;Avenida RepÃºblica do Chile;65;Sala 302;Centro;Rio de Janeiro;RJ;20031170
419974;RUA SÃƒO SEBASTIÃƒO;32;;CENTRO;Barra Mansa;RJ;27345480
419958;AV. ONZE DE AGOSTO;1451;6Âº ANDAR - EDIFÃCIO ELLOPAR;JARDIM RIBEIRO;Valinhos;SP;13270190
408093;RUA PRUDENTE DE MORAES;217;;CENTRO;Botucatu;SP;18602060
408263;AV. PRESIDENTE JOÃƒO BELCHIOR MARQUES GOU;401;;PARQUE NAÃ‡Ã•ES ;SÃ£o JoÃ£o da Boa Vista;SP;13870579
409413;AV. LÃBERO DE ALMEIDA SILVARES;3014;;COESTER;FernandÃ³polis;SP;15603087
410110;RUA SÃƒO PAULO;118;CASA;VILA BELMIRO;Santos;SP;11075330
406813;RUA SÃƒO PAULO;757;;CENTRO;Andradina;SP;16901009
406937;RUA RIO GRANDE DO SUL;121;CASA;CENTRO;MarÃ­lia;SP;17509130
410128;RUA CONDE D'EU;292;;VILA BOA VISTA;Sorocaba;SP;18030040
409405;RUA SHITIRO MAEJI;619;;CENTRO;Registro;SP;11900000
423203;RUA SÃƒO PAULO;303.0;;VILA XAVIER;Assis;SP;19802001
414212;RUA RIO DE JANEIRO;120;CASA;VILA MENDONÃ‡A;AraÃ§atuba;SP;16015150
407569;AVENIDA 23;1337;;CENTRO;Barretos;SP;14780320
406945;RUA MARIA JOSÃ‰;jan/71;QUADRA 1;CENTRO;Bauru;SP;17015440
408026;RUA PRINCESA ISABEL;1215;;CENTRO;Dracena;SP;17900000
408034;RUA DR JOÃƒO LEITE;652;;CENTRO;JaÃº;SP;17201090
411248;RUA DUQUE DE CAXIAS;343;;CENTRO;Presidente Venceslau;SP;19400005
408794;RUA FLORIANO PEIXOTO;1491;;SUMARE;RibeirÃ£o Preto;SP;14025388
420786;RUA MAESTRO ANTONIO PASSARELI;208;;CENTRO;Birigui;SP;16200004
418803;RUA OSCAR RODRIGUES ALVES;1092;;VILA MENDONÃ§A;AraÃ§atuba;SP;16015030
419249;AVENIDA DOUTOR JOÃƒO GUILHERMINO;465;;CENTRO;SÃ£o JosÃ© dos Campos;SP;12210130
418021;RUA DR. ANTÃ”NIO BENTO;162;TÃ‰RREO;VILA MATHIAS;Santos;SP;11075260
330892;RUA VIDAL RAMOS;299;SALA 01;CENTRO;TubarÃ£o;SC;88701140
418218;RUA GENERAL VITORINO;156;SALA A;CENTRO;Alegrete;RS;97542310
418919;RUA MARECHAL DEODORO;382;TERREO;CENTRO;CriciÃºma;SC;88801110
417220;RUA ALVARES MACIEL;59;11Âº ANDAR;SANTA EFIGÃŠNIA;Belo Horizonte;MG;30150250
419141;RUA GENERAL CARNEIRO;471;;CENTRO;JacareÃ­;SP;12308061
421006;RUA CORONEL ANDRE ULSON JUNIOR;248;;CENTRO;Araras;SP;13600690
420123;RUA INÃCIO RIBEIRO;355;;CENTRO;Santa Rita do Passa Quatro;SP;13670000
412635;AV MARECHAL DEODORO DA FONSECA;385;;JARDIM SANTA CLARA;TaubatÃ©;SP;12080000
420794;AVENIDA HISTORIADOR RUBENS DE MENDONÃ‡A;1856;14Âº ANDAR, SALA 1404;BOSQUE DA SAUDE;CuiabÃ¡;MT;78050000
336874;RUA RUI BARBOSA;120;ED. REAL SALA 202;CENTRO;SimÃµes Filho;BA;43700000
422151;AVENIDA TANCREDO NEVES;1283;EDIF EMPRESARIAL OMEGA SALA 0101;CAMINHO DAS ARVORES;Salvador;BA;41820021
320510;AVENIDA PREFEITO JOSÃ‰ CRISTOVÃƒO AROUCA;35;;JD PEREIRA AMPARO;JacareÃ­;SP;12327707
423629;Rua Ministro Orozimbo Nonato;442;Salas 903/904/905/906;Vila da Serra;Nova Lima;MG;34006053
327417;AVENIDA MURCHID HOMSI;1275;;ManÃ§or Daud;SÃ£o JosÃ© do Rio Preto;SP;15070650
423734;RUA DA QUITANDA;60;07 ANDAR;CENTRO;Rio de Janeiro;RJ;20011030
424005;RUA DOUTOR CELESTINO;122;616;CENTRO;NiterÃ³i;RJ;24020091
418013;AVENIDA DOM SEVERINO;2074;EDIFÃ­CIO JOSÃ© CARVALHO - SALA 104;FÃ¡TIMA;Teresina;PI;64049375
422991;RUA SÃƒO PAULO;41;SALA 1904 B;VILA BELMIRO;Santos;SP;11075330
419257;ALAMEDA DOS GUARAMOMIS;1176;TÃ‰RREO - PARTE;PLANALTO PAULISTA;SÃ£o Paulo;SP;4076012
419125;RUA DO CARMO;8;4 ANDAR - PARTE;CENTRO;Rio de Janeiro;RJ;20011020
421332;RUA DA QUITANDA;50;SALAS 2201, 2202, 2203;CENTRO;Rio de Janeiro;RJ;20011030
420697;RUA FELIPE SCHMIDT;679;;CENTRO;FlorianÃ³polis;SC;88010000
417874;RUA JOSEPHINA MANDOTTI;88;;JARDIM MAIA;Guarulhos;SP;7115080
423181;Rua Monsenhor Aderbal Miranda;875;Sala 03;BrasÃ­lia;Feira de Santana;BA;44088180
318299;AVENIDA POMPÃ‰IA;888;;VILA POMPÃ‰IA;SÃ£o Paulo;SP;5022000
421189;R. Ranulfo Alvares;1620;;Vila Isa;Governador Valadares;MG;35044220
419869;AV. ENGENHEIRO LUIZ CARLOS BERRINI;105;10 Âº ANDAR, SALA 102 B, TORRE 4;CIDADE MONÃ‡Ã•ES;SÃ£o Paulo;SP;4571010
423891;RUA A PROJETADA;11;***;FERNANDES PINHEIRO;Comendador Levy Gasparian;RJ;25870000
423467;RUA DOM PEDRO II;1220.0;101 e 102;HIGIENÃ“POLIS;Porto Alegre;RS;90550141
421324;AVENIDA CALAMA;5175;SALA 205;FLODOALDO PONTES PINTO;Porto Velho;RO;76820595
417718;AVENIDA DOUTOR OLÃVIO LIRA;353;18Âº ANDAR - SALA 1801 - SHOPPING PRAIA D;PRAIA DA COSTA;Vila Velha;ES;29101260
366561;RUA XV DE NOVEMBRO;4488;;REDENTORA;SÃ£o JosÃ© do Rio Preto;SP;15015110
420042;R. PROF. JOSÃ‰ HORÃCIO MEIRELLES TEIXEIRA;975;CONJUNTO 41-PARTE;MORUMBI;SÃ£o Paulo;SP;5630130
421766;AVENIDA SATURNINO DE BRITO ;1350;1Âº PAVIMENTO;PRAIA DO CANTO;VitÃ³ria;ES;29055540
402966;AVENIDA PAULISTA ;777;2Âº ANDAR;BELA VISTA;SÃ£o Paulo;SP;1311914
419079;RUA MATIAS AIRES;402;2Âº ANDAR;CONSOLAÃ‡ÃƒO;SÃ£o Paulo;SP;1309020
415111;PRAÃ‡A DA REPÃšBLICA;124;BLOCO 128 - 3 ANDAR;REPÃšBLICA;SÃ£o Paulo;SP;1045000
422401;RUA ÃLVARO DE CARVALHO;22;701 A;CENTRO;SÃ£o Paulo;SP;1050070
423998;RUA SANTA JOAQUINA DE VEDRUNA;609;;ZONA 05;MaringÃ¡;PR;87015150
424170;Rua Tenente MÃ¡rio Franscisco Brito;420;;Enseada do SuÃ¡;VitÃ³ria;ES;29050555
424218;RUA SÃƒO LUIZ;100;SALA 04;JARDIM EUROPA;SÃ£o JosÃ© do Rio Preto;SP;15014470
421715;AVENIDA ALPHAVILLE;779;17Âº ANDAR, SALA 1701-PARTE;DEZOITO DO FORTE EMPRESARIAL/A;Barueri;SP;6472900
5711;AVENIDA RIO DE JANEIRO;555;SALAS 801, 901, 1001, 1101, 1201, 1301, ;CAJU;Rio de Janeiro;RJ;20931675
421561;Q.603 SUL AVENIDA LO 13;13;;PLANO DIRETOR SUL;Palmas;TO;77016338
419419;Alameda Araguaia;2104;19 andar;Alphaville;Barueri;SP;6455000
419613;RUA DA CONSOLAÃ‡ÃƒO;1681;3Âº ANDAR - CONJUNTO 31;CONSOLAÃ‡ÃƒO;SÃ£o Paulo;SP;1301100
417238;RUA JORGE TZACHEL;475;;FAZENDA;ItajaÃ­;SC;88301600
423530;RUA CORONEL JOSE EUSEBIO;95;CONJUNTO 13;HIGIENOPOLIS;SÃ£o Paulo;SP;1239030
415774;AVENIDA ERNANI DO AMARAL PEIXOTO;467;SALA 1501 - PARTE;CENTRO;NiterÃ³i;RJ;24020073
424021;RUA DA ASSEMBLEIA;10;SALA 3811;CENTRO;Rio de Janeiro;RJ;20011000
416657;RUA ESPÃRITO SANTO;616;SALA 1.210   -  12.Âª ANDAR;CENTRO;Belo Horizonte;MG;30160030
327557;Rod Admar Gonzaga;1347;SEDE;ITACORUBI;FlorianÃ³polis;SC;88034901
347825;AVENIDA VENCESLAU BRAS;71;;BOTAFOGO;Rio de Janeiro;RJ;22290140
314251;AV. SENADOR SALGADO FILHO;3000;UFRN - CENTRO DE CONVIVENCIA - SALA 20;LAGOA NOVA;Natal;RN;59078900
352331;RUA BOA VISTA;293;;CENTRO;SÃ£o Paulo;SP;1014915
414026;BR 369, KM 88, RODOVIA MELLO PEIXOTO;S/N;;PARQUE INDUSTRIAL;CornÃ©lio ProcÃ³pio;PR;86300000
316873;AV. ANTÃ”NIO CARLOS;6627;LOJA 1 PRAÃ‡A DE SERVIÃ‡OS;PAMPULHA;Belo Horizonte;MG;31270901
413534;RUA ANTONIO MARIA COELHO;6065;;VIVENDAS DO BOSQUE;Campo Grande;MS;79021170
418820;RUA DO CARMO;7;2Âº ANDAR;CENTRO;Rio de Janeiro;RJ;20011020
413518;RUA JORNALISTA JOÃƒO BATISTA DE SANTANA;1914;;COROA DO MEIO;Aracaju;SE;49035430
416401;PARQUE EST. BIOL. - W3 NORTE FINAL;S/N;BLOCO A;ASA NORTE;BrasÃ­lia;DF;70770901
363855;AVENIDA C;576;QUADRA A-26 - LOTE 11;JARDIM GOIÃS;GoiÃ¢nia;GO;74805070
307319;RUA SIQUEIRA CAMPOS;736;11 Âº AND;CENTRO;Porto Alegre;RS;90010000
315583;RUA METODIO COELHO;133;CIDADELA;PARQUE BELA VISTA;Salvador;BA;40279120
335789;RUA OLÃMPIO DE SOUZA CAMPOS JÃšNIOR ;98A;DISTRITO INDUSTRIAL DE ARACAJU-DIA;INÃCIO BARBOSA;Aracaju;SE;49042840
344184;RUA 262;84;QUADRA 111 LOTE 10;SETOR LESTE UNIVERSITÃRIO;GoiÃ¢nia;GO;74615300
343331;AV PRINCESA ISABEL;574;10Âº ANDAR, SL 1001 A 1008;CENTRO;VitÃ³ria;ES;29010931
358754;AVENIDA GENERALÃSSIMO DEODORO;1340;ANDAR 1 e 2;NAZARÃ‰;BelÃ©m;PA;66035090
346659;SIG, Quadra 4, Lote ;575;---;ASA SUL;BrasÃ­lia;DF;70610910
385697;AV SANTOS DUMONT;782;;CENTRO;Fortaleza;CE;60150160
302627;RUA COMENDADOR BENTO AGUIAR;270;;MADALENA;Recife;PE;50750390
359122;AV. FRANCISCO SÃ;1733;;JACARECANGA;Fortaleza;CE;60010450
417548;AV. BRASIL;4036;3Âº ANDAR;MANGUINHOS;Rio de Janeiro;RJ;21040361
320820;RUA BENTO GONÃ‡ALVES;2764;;SÃƒO PELEGRINO;Caxias do Sul;RS;95020412
412295;SGAN QD. 601 CONJ. I PARTE;SALA 215;ED. MANOEL NOVAES;ASA NORTE;BrasÃ­lia;DF;70830019
324361;RUA DO OUVIDOR;91;2Âº, 3Âº,4Âº E 5Âº ANDAR;CENTRO;Rio de Janeiro;RJ;20040031
417661;RUA CARLOS GOMES;748;SALA 1;PRADO;Recife;PE;50720135
421341;RUA ABRÃƒO JÃšLIO RAHE;1440;;VILA SILVIA;Campo Grande;MS;79020190
419851;RUA JOÃƒO BAUER;75;;CENTRO;Brusque;SC;88350101
324477;AVENIDA MARECHAL CÃ‚MARA;160;;CENTRO;Rio de Janeiro;RJ;20020080
312924;SAS - Q. 05 - LOTES 9/10 - 6Âº ANDAR;5;ED. SEDE II;ASA SUL;BrasÃ­lia;DF;70070050
418072;AVENIDA TAMBORÃ‰;267;14Âº ANDAR - ED. CANOPUS;TAMBORÃ‰;SÃ£o Paulo;SP;6460000
319872;ESTRADA INTENDENTE MAGALHÃƒES;476;;OSWALDO CRUZ;Rio de Janeiro;RJ;21331720
417785;RUA DESEMBARGADOR WESTPHALEN;2151;;REBOUÃ‡AS;Curitiba;PR;80220030
419265;SCS QUADRA 05 BLOCO C;LJ 168;PARTE A1 GALERIA NOVA OUVIDOR;ASA SUL;BrasÃ­lia;DF;70305918
379956;ALAMEDA MAMORÃ‰;687;12Âª ANDAR - CJ 1201 A 1204;ALPHAVILLE;Barueri;SP;6454040
389358;AV. VEREADOR JOSÃ‰ DINIZ;3.300;CJ. 1801;CAMPO BELO;SÃ£o Paulo;SP;4604006
422304;Rua da Assembleia;10;sala 3516;CENTRO;Rio de Janeiro;RJ;20011901
327328;R MANOEL INACIO BEZERRA;89;;CENTRO;Brejo Santo;CE;63260000
417165;AVENIDA RIO BRANCO;81;16Âº ANDAR;CENTRO;Rio de Janeiro;RJ;20040004
424269;AVENIDA GETULIO VARGAS;2561;;AGUA VERDE;Curitiba;PR;80240040
423637;Avenida Fernando Ferrari;1080;Sala 402 Setor Torre Norte ;Mata da Praia;VitÃ³ria;ES;29066380
423220;R GOIANINHA;15;;NOVA PARNAMIRIM;Parnamirim;RN;59150480
415952;RUA BARÃƒO DE JAGUARA;655;SALA 1006, 1007, 1008 E 1010;CENTRO;Campinas;SP;13015001
311472;PRAÃ‡A DR. CARLOS VICTOR;1;3Âº ANDAR, SALA 1;VARGINHA;ItajubÃ¡;MG;37500000
418749;RUA QUINZE DE NOVEMBRO;126;LOJA 16;CENTRO;Barbacena;MG;36200074
339270;RODOVIA BR 381 - KM;172;CAIXA POSTAL 100 - AGÃŠNCIA CENIBRA;PERPETUO SOCORRO;Belo Oriente;MG;35196972
417505;AVENIDA BARBACENA;472;5Âº AO 8Âº E 12Âº ANDARES;BARRO PRETO;Belo Horizonte;MG;30190130
422436;RODOVIA BR 381 KM 172;S/N;CAIXA POSTAL  101;PERPÃ‰TUO SOCORRO;Belo Oriente;MG;35162972
417092;AV. CARNEIRO DA CUNHA;55;ANDAR 1Âº;TORRE;JoÃ£o Pessoa;PB;58040240
386596;RUA 8 A;111;QD 13-A LOTE 9/18;SETOR AEROPORTO;GoiÃ¢nia;GO;74075240
392804;RUA DONA MARGARIDA;537;;NAVEGANTES;Porto Alegre;RS;90240611
415910;RUA AUGUSTO DA SILVA PALHARES;105;;JARDIM SAO BENTO;JundiaÃ­;SP;13202510
350699;RUA BAHIA;299;;RECREIO ESTORIL;Atibaia;SP;12944060
408883;RUA DEZENOVE DE FEVEREIRO;126;PARTE;BOTAFOGO;Rio de Janeiro;RJ;22280030
314757;SRTVS, QUADRA 701-CONJ. E ;BLOCOS 2/4;SALAS 207/208 E 209;ASA SUL;BrasÃ­lia;DF;70340902
303623;RUA TABATINGUERA;294;;CENTRO;SÃ£o Paulo;SP;1020903
401871;RUA DUQUE DE CAXIAS;1453;;CENTRO;RibeirÃ£o Preto;SP;14015020
324892;AV. PROFESSOR FREDERICO HERMANN JUNIOR;345;;ALTO DOS PINHEIROS;SÃ£o Paulo;SP;5459900
310247;RUA VISCONDE DE PELOTAS;809;;CENTRO;Caxias do Sul;RS;95020181
423963;R HENRI DUNANT;780;TORRE A E TORRE B;SANTO AMARO;SÃ£o Paulo;SP;4709110
419435;SBS - QD 02 - BLOCO A;1;SL 205 -  ED. CASA DE SÃƒO PAULO;ASA SUL;BrasÃ­lia;DF;70070120
423327;RUA GUSTAVO AMBRUST;36;CONJ 02;NOVA CAMPINAS;Campinas;SP;13092106
410071;RUA BENTO GONÃ‡ALVES;1731;SALA 112;BOA VISTA;Novo Hamburgo;RS;93410395
340782;RUA XV DE NOVEMBRO;575;4Âº E 5Âº ANDARES ;CENTRO;Curitiba;PR;80020310
417891;RUA DA ASSEMBLEIA;10;SALA 3811 - A;CENTRO;Rio de Janeiro;RJ;20011000
422461;RUA QUINZE DE NOVEMBRO;228;AP 304;CENTRO;NiterÃ³i;RJ;24020125
415944;PRAÃ‡A DA INDEPENDENCIA;17;;CENTRO;Ferraz de Vasconcelos;SP;8500901
419796;AV. DA FRANÃ§A;1551;ESTAÃ§Ã£O MARITIMA VISC. DE CAIRU;COMERCIO;Salvador;BA;40010000
330051;RUA BARÃƒO DE ITAPETININGA;18;;CENTRO;SÃ£o Paulo;SP;5425904
416509;AVENIDA GETULIO VARGAS;556;;CENTRO;VitÃ³ria;ES;29010945
392405;AV. GOVERNADOR BLEY;186;3Âº PAV;CENTRO;VitÃ³ria;ES;29010150
334189;"SGAS QUADRA 901, CONJUNTO ""A"", EDIFÃCIO ";69;ASA SUL;PLANO PILOTO;BrasÃ­lia;DF;70390010
420247;RUA XV DE NOVEMBRO;1234;CONJ 1203, ANDAR 12, COND EUGENIA CAMPOS;CENTRO;Curitiba;PR;80060000
390259;AV. MAXIMIANO DE FIGUEIREDO;311;CASA;CENTRO;JoÃ£o Pessoa;PB;58013470
321931;RUA CORONEL LUIZ FERRAZ;397;;CENTRO;Itaperuna;RJ;28300000
410624;RUA LORENA;767;;PADRE EUSTÃQUIO;Belo Horizonte;MG;30730170
405931;RUA VOLUNTÃRIOS DA PATRIA;2505;CS 19;SANTANA;SÃ£o Paulo;SP;2401000
418323;RUA DO CARMO;8;10Âº ANDAR;CENTRO;Rio de Janeiro;RJ;20011020
407241;RUA RIO DE JANEIRO;821;;CENTRO;AvarÃ©;SP;18700130
367087;RUA SANTA TEREZINHA;340;;FARROUPILHA;Porto Alegre;RS;90040180
353477;RUA CAPITAO PORFIRIO;1551;;CENTRO;Montenegro;RS;95780000
418242;AVENIDA CAPITÃƒO JULIO BEZERRA;952;;SÃƒO FRANCISCO;Boa Vista;RR;69305025
313084;AVENIDA TOCANTINS;1232;LT- 17 QD RT-1;CENTRO;AraguaÃ­na;TO;77803120
318213;RUA FREI GABRIEL;115;;CENTRO;Lages;SC;88502030
337188;AV. MARECHAL CASTELO BRANCO;75;;CEL EVARISTO AZEVEDO JUNQUEIRA;Pouso Alegre;MG;37550275
317012;AVENIDA DOM PEDRO II;373;-;CENTRO;SÃ£o Bento do Sul;SC;89280136
419028;RUA ALCIDES FARIA;240;;VARGINHA;ItajubÃ¡;MG;37501058
359459;AVENIDA BARÃƒO DE MARUIM;993;;CENTRO;Aracaju;SE;49015040
404241;AV. UNISINOS;950;CENTRO COMUNITÃ;CRISTO REI;SÃ£o Leopoldo;RS;93022000
406805;PEDRO ALVARES CABRAL;900;;CENTRO;Erechim;RS;99700252
400572;RUA DR CARDOSO DE ALMEIDA;579;;CENTRO;Botucatu;SP;18600005
342335;R DR JOSE MARIANO;193;;SAO JOSE;Garanhuns;PE;55293335
365785;RUA MARCELO CÃ‚NDIA;925;;SANTA RITA;MacapÃ¡;AP;68901341
409791;RUA PARAIBA ;212;;CENTRO ;PoÃ§os de Caldas;MG;37701726
402010;RUA MARIÃ FERREIRA;245;1Âº ANDAR;CENTRO;Itabuna;BA;45600120
353892;RUA JAIME MARTINS RIÃŠRA;31;;BOA VISTA;ItajubÃ¡;MG;37505042
418757;RUA VITÃ“RIA;2296;;NEVA;Cascavel;PR;85802229
418960;ALAMEDA RIO NEGRO;500;9Âº ANDAR / SALA 901 A 916 / TORRE 2;ALPHAVILLE CENTRO INDUSTRIAL E;Barueri;SP;6454000
368181;OSCAR VIDAL ;252;Sala 201;CENTRO;Juiz de Fora;MG;36016290
397245;RUA PEQUETITA;145;CONJ. 101;JARDIM PROF BENOÃ;SÃ£o Paulo;SP;4552060
421952;AVENIDA RODOVALHO;722;SALA 13;VILA MOEMA;TubarÃ£o;SC;88705091
422045;Q SCN QUADRA 02, BLOCO D, ENTRADA B;SN;SALAS 201 E 203;ASA NORTE;BrasÃ­lia;DF;70712904
419737;RUA DOS CEDROS;501;SALA 03;JARDIM SÃ£O PAULO;Americana;SP;13468020
416118;AVENIDA FERNANDO STECCA;780;PRÃ‰DIO 26 - ADMINISTRAÃ‡ÃƒO;IPORANGA;Sorocaba;SP;18087149
421081;AV. PRUDENTE DE MORAIS;624;;TIROL;Natal;RN;59020510
420239;RUA DO IMPERADOR;359;;CENTRO;MaceiÃ³;AL;57020670
386219;RUA MATO GROSSO;1001;;CENTRO;AvarÃ©;SP;18700150
339458;RUA DES. JOSE PEREGRINO;216;;CENTRO;JoÃ£o Pessoa;PB;58013500
300730;AVENIDA RUY CARNEIRO;895;;JARDIM MIRAMAR;JoÃ£o Pessoa;PB;58032101
413747;AVENIDA CARAVELAS;3;SALA 32 - ED. GALERIA DIVAMAR;PRAIA DO FRANCES;Marechal Deodoro;AL;57160000
314366;RUA DOUTOR CESÃRIO MOTA;135;;CENTRO;Santo AndrÃ©;SP;9010100
304484;RUA IRMÃƒ FLAVIA BORLET;197;;HAUER;Curitiba;PR;81630170
423050;RUA DEPUTADO JOSÃ‰ LAGES;275;;PONTA VERDE;MaceiÃ³;AL;57035330
333620;AV. RIO DE JANEIRO;1201;TERREO;CENTRO;Londrina;PR;86010150
401463;RUA CARLOS VASCONCELOS ;1482;;ALDEOTA;Fortaleza;CE;60115171
422975;AV. DOM PEDRO II;421.0;SALA A ;CENTRO ;SÃ£o LourenÃ§o;MG;37465000
322890;AV. SANTO AMARO;3330;CONJUNTO 13;BROOKLIN;SÃ£o Paulo;SP;4556300
416908;RUA CASTRO ALVES;352;;CENTRO;Petrolina;PE;56304340
327867;RUA ELIZEU DI BERNARDI;34;SALA 411;CAMPINAS;SÃ£o JosÃ©;SC;88101050
414425;RUA CANDIDO PORTINARI;30;SALA 1;VILA CERCADO GRANDE;Embu das Artes;SP;6804180
357669;RUA BERNARDO GUIMARÃƒES;1587;9Âº ANDAR;LOURDES;Belo Horizonte;MG;30140082
423271;RUA LAURO MULLER;116;32Âº ANDAR;BOTAFOGO;Rio de Janeiro;RJ;22290160
349682;Rua Sete de Setembro;769;;CENTRO HISTÃ“RICO;Porto Alegre;RS;90010190
365645;PRAÃ‡A VISCONDE DE MAUA;29;SALA 504;CENTRO;Santos;SP;11010000
423653;Avenida ParanÃ¡;130;Sala 115;Centro;IvaiporÃ£;PR;86870000
416282;AV. TANCREDO NEVES;620;EDIF. MUNDO PLAZA, SALA 2310 A 2315;CAMINHO DAS ÃRVORES;Salvador;BA;41820020
418927;AVENIDA JOÃƒO CABRAL DE MELO NETO;850;BLOCO 2, SALAS 722 E 723;BARRA DA TIJUCA;Rio de Janeiro;RJ;22775057
421120;SCN Quadra 5, Bloco A, Ed. BrasiÂ¿lia Sho;Sala 217 e 218;Parte 6;Asa Norte;BrasÃ­lia;DF;70715900
342611;RUA QUIRINO DE ANDRADE;185;;CENTRO;SÃ£o Paulo;SP;1049902
417343;RUA BARÃ£O DE MESQUITA;663;LOJA 20;TIJUCA;Rio de Janeiro;RJ;20540155
422070;RUA URUGUAIANA;174;SALA 501;CENTRO;Rio de Janeiro;RJ;20050900
417297;RUA PRESIDENTE NEREU RAMOS;146;1Âº ANDAR -  CENTRO EMPRESARIAL ILHA DO A;CENTRO;FlorianÃ³polis;SC;88015010
400891;SCS QUADRA 3 BLOCO A/B NÂº 17/18 ED. OSCA;17;;ASA SUL;BrasÃ­lia;DF;70303000
395480;RUA DOUTOR JOSE MILTON CORREIA ;110;3, 4 e 5 ANDARES;POÃ‡O;MaceiÃ³;AL;57025100
422576;QNM 17, CONJUNTO H, LOTE 28, SALA 201;S/N;;CEILANDIA;BrasÃ­lia;DF;72215178
417441;RUA ELIEZER LEVY;2745;;TREM;MacapÃ¡;AP;68901016
401480;RUA SALDANHA MARINHO;2250;;BIGORRILHO;Curitiba;PR;80730180
423700;QUADRA SAUS - QUADRA 4;S/N;BLOCO A,SALA 1101;ASA SUL;BrasÃ­lia;DF;70070040
423785;RUA ITUIUTABA;340;2Âº ANDAR PARTE;PRADO;Belo Horizonte;MG;30411023
421642;Rua Castelo Branco;676;;Praia da Costa;Vila Velha;ES;29101480
414204;RUA DESEMBARGADOR CLOTARIO PORTUGAL;243;;ALTO SAO FRANCISCO;Curitiba;PR;80410220
423777;Q SRTVN;QUADRA 702 ;BLOCO P SALA 1057;ASA NORTE;BrasÃ­lia;DF;70719900
423581;ST SRTVS QD. 701 CONJUNTO E BLOCO 3 SALA;S/N;;ASA SUL;BrasÃ­lia;DF;70340901
415626;RUA JOAO PESSOA;10;CASA;VELHA;Blumenau;SC;89036000
313971;RUA RIO AMAPA;374;CJ VIEIRA ALVES;NOSSA SRA DAS GRAÃ‡AS;Manaus;AM;69053150
410888;Avenida Dois ;470;;CENTRO;Rio Claro;SP;13500410
423921;Rua Estado de Israel;262;Sala 0906;Ilha do Leite;Recife;PE;50070415
419818;RUA EULÃLIA SILVA;138;3Âº ANDAR;JARDIM FACULDADE;Sorocaba;SP;18030230
370592;AV.EPITÃCIO PESSOA;1250;SL408 E OUTRAS;TORRE;JoÃ£o Pessoa;PB;58039040
329665;AV. PRINCESA ISABEL;574;Sl 1303 a 1314 - BLOCO A - ED. PALAS CEN;CENTRO;VitÃ³ria;ES;29010930
410292;AV.SAO GABRIEL ;201;16.Âª ANDAR CONJ. 1606;JARDIM PAULISTA;SÃ£o Paulo;SP;1435001
307751;RUA AUGUSTO RODRIGUES;60;;TORREÃƒO;Recife;PE;52030180
315567;RUA SERGIPE;893;;FUNCIONÃRIOS;Belo Horizonte;MG;30130171
346926;SCS QD. 4 BLOCO A ED. ASSEFAZ;1;;ASA SUL;BrasÃ­lia;DF;70304908
315044;AV. HERCILIO LUZ;639;7 ANDAR;CENTRO;FlorianÃ³polis;SC;88020000
315478;ALAMEDA SANTOS;2477;10 Âº ANDAR;CERQUEIRA CESAR;SÃ£o Paulo;SP;1419907
317233;RUA DO PAISSANDU;58;;BOA VISTA;Recife;PE;50070205
355151;RUA TREZE DE MAIO;616;;SÃƒO FRANCISCO;Curitiba;PR;80510030
339636;AV REPÃšBLICA DO CHILE;230;5Âº, 8Âº E 9Âº  ANDAR;CENTRO;Rio de Janeiro;RJ;20031170
420701;AV. AURELIANO DE FIGUEIREDO PINTO;501;;PRAIA DE BELAS;Porto Alegre;RS;90050191
311359;AV. GRAMADO;580;;"VILA ""A""";Foz do IguaÃ§u;PR;85860460
330809;AV. BRIGADEIRO EDUARDO GOMES;526;POLO INDUSTRIAL TUBARÃƒO;SERRA;Serra;ES;29160904
418285;AV. CONTORNO;3455; GALPÃ£O 6, 2Âº ANDAR, PARTE A;PAULO CAMILO;Betim;MG;32669900
323942;AV. DR. JOSE GROSSI;16;;GUARAPIRANGA;Ponte Nova;MG;35430213
378216;AV. ÃLVARES CABRAL;200;8Âº ANDAR;CENTRO;Belo Horizonte;MG;30170000
418501;TRAVESSA DR. FELÃCIO BRANDI;22;LOJA 01 - ED REGINA LOPES DOS SANTOS;CENTRO;ViÃ§osa;MG;36570000
338648;Rua Emiliano Perneta;777;;CENTRO;Curitiba;PR;80420080
312126;RUA CURITIBA;689;11Âº ANDAR;CENTRO;Belo Horizonte;MG;30170120
339954;AV. KIYOSHI TSUNAWAKI;41;;BAIRRO DAS Ã€GUAS;Ipatinga;MG;35160158
418129;RUA MENDEL;306;SALA 1;CARANDÃ BOSQUE I;Campo Grande;MS;79032320
414689;RUA ANTONIO AUGUSTO;1271;SL 301;ALDEOTA;Fortaleza;CE;60110370
409286;AVENIDA SÃƒO PEDRO ;455;;ESTAÃ‡ÃƒO ;SÃ£o Pedro da Aldeia;RJ;28940000
419443;RUA DA ASSEMBLEIA ;10;SALAS 2001 A 2003;CENTRO;Rio de Janeiro;RJ;20011000
407011;ALAMEDA XINGU;512;17 ANDAR, SALA 1704;ALPHAVILLE CENTRO INDUSTRIAL E;Barueri;SP;6455030
343064;RUA AMÃ‰RICO GOMES DA COSTA;114;;VILA AMERICANA;SÃ£o Paulo;SP;8010120
419931;RUA DOM PEDRO II;54;SALA 506;CENTRO;Santos;SP;11010080
323080;TERRAÃ‡O SHOPPING SHC-AO SUL, EA 02/08 LO;5;TR.B 3Âº ANDAR;OCTOGONAL SUL;BrasÃ­lia;DF;70660900
424226;RUA BARÃƒO DE ITAPETININGA;125;CONJ. 11;REPUBLICA;SÃ£o Paulo;SP;10420010
423076;RUA DO CARMO;8;6 ANDAR;CENTRO;Rio de Janeiro;RJ;20011020
416819;RUA JOAQUIM SILVEIRA;557;PARQUE SAO SEBASTIAO;PASSO DA MANGUEIRA;Porto Alegre;RS;91060320
422258;R Doutor Pedro Correia;5;Sala 09;Centro;Arapiraca;AL;57300400
422681;RUA ERASMO BRAGA;1175;;JARDIM CHAPADAO;Campinas;SP;13070147
423726;RUA ANTONIO NOVATO;16;SALA 4;CENTRO;ParÃ¡ de Minas;MG;35660008
309222;AV. PRESIDENTE VARGAS ;914;LOJAS A e B, salas 310,410,510,610,710;CENTRO;Rio de Janeiro;RJ;20071001
413160;RUA FERNANDO BIZZOTO;90;A;CENTRO;Nova Friburgo;RJ;28613040
350249;AV. JOSÃ‰ MUNIA;6250;;JARDIM FRANCISCO FERNANDES;SÃ£o JosÃ© do Rio Preto;SP;15090275
423122;RUA PEDRO ALVIM;55-A;SALA 2;VILA JUNQUEIRA;Atibaia;SP;12941710
368253;AV HERÃCLITO GRAÃ‡A;406;2Âº ANDAR;CENTRO;Fortaleza;CE;60140060
414352;AVENIDA GUARULHOS;239;;PARQUE ESTRELA - CENTRO;Guarulhos;SP;7023000
417611;RUA CONCEIÃ‡ÃƒO DE MONTE ALEGRE;198;CONJ 91 - 9Âº ANDAR;BROOKLIN PAULISTA;SÃ£o Paulo;SP;4563060
421723;AVENIDA RIO BRANCO;125;15Âº ANDAR;CENTRO;Rio de Janeiro;RJ;20040006
419303;RUA CONSELHEIRO CRISPINIANO;69;SALA 72;REPUBLICA;SÃ£o Paulo;SP;1037001
423670;RUA VILAGRA CABRITA;986;SALA C;CENTRO;Ji-ParanÃ¡;RO;76900018
424137;AV PRESIDENTE GETULIO VARGAS;2707;SALA 04;CENTRO;Floresta;PR;87120000
416398;RUA AMAPÃ;65;;ILHOTAS;Teresina;PI;64001140
314706;PRAÃ‡A DR CÃ‰SAR LEITE;383;;CENTRO;ManhuaÃ§u;MG;36900000
420930;RUA MARECHAL FLORIANO PEIXOTO;1059;;CENTRO;Guarapuava;PR;85010270
341941;RUA ARTHUR LEITE;37;;CENTRO;Passo Fundo;RS;99020220
421626;Rua Mato Grosso;1100;S/N;Santo Agostinho;Belo Horizonte;MG;30190088
424129;Av. Cel. JoÃ£o Coelho;299;;Centro;Barbalha;CE;63090009
363189;RUA BENTO GONÃ‡ALVES ;578;CONJ. 910;CENTRO;Passo Fundo;RS;99010010
342955;AV. PASTOR MARTIN LUTHER KING JUNIOR;7.406;;IRAJÃ;Rio de Janeiro;RJ;21235000
423343;AVENIDA RIO BRANCO;26;SBL;CENTRO;Rio de Janeiro;RJ;20090001
348180;AVENIDA BRASIL;3825;;ZONA 01;MaringÃ¡;PR;1431001
357511;AV. FREI SERAFIM;2155;;CENTRO;Teresina;PI;64000020
417050;AV. JOSÃ‰ SILVA DE AZEVEDO NETO;200;EVOLUTION 3 BL. 2 GRUPOS 101, 103 E 108;BARRA DA TIJUCA;Rio de Janeiro;RJ;22775056
423840;AVENIDA RIO GRANDE DO SUL;1421;;CENTRO;Marechal CÃ¢ndido Rondon;PR;85690000
414921;Rua Alexandre Dumas;2100;12Âº andar;ChÃ¡cara Santo AntÃ´nio ;SÃ£o Paulo;SP;4717913
420751;Setor SCIA Quadra 14 Conjunto 3;LOTE 03;Zona Industrial (GuarÃ¡),;GUARA;BrasÃ­lia;DF;71250115
414557;RUA SÃƒO PEDRO;88;SALA 201/EDIF SAFIRA;RIO VERMELHO;Salvador;BA;41920260
424277;AVENIDA RIO BRANCO;1;SALA 1605;CENTRO ;Rio de Janeiro;RJ;20090907
421812;AVENIDA REPUBLICA ARGENTINA;1336;CJ 1216 - ANDAR 12 - COND. INSPIRA BUSIN;VILA IZABEL;Curitiba;PR;80620010
418277;RUA DOUTOR CARVALHO DE MENDONÃ‡A;238;CONJUNTO 66;VILA BELMIRO;Santos;SP;11070101
329282;AVENIDA REPÃšBLICA DO CHILE;230;SALAS 2401 A 2501;CENTRO;Rio de Janeiro;RJ;20031919
423564;AVENIDA BRASIL;2174;SALA 02;CENTRO-NORTE;Sorriso;MT;78890125
423572;AVENIDA ABUNA;2250;grupo 1001;SÃƒO JOÃƒO BOSCO;Porto Velho;RO;76803762
420301;AVENIDA RIO BRANCO;404;SALA 602, BLOCO II;CENTRO;FlorianÃ³polis;SC;88015200
419427;RUA BARÃ£O DO TRIUNFO;175;;MENINO DEUS;Porto Alegre;RS;90130101
419010;AVENIDA MARECHAL FLORIANO PEIXOTO;1895;;REBOUÃ§AS;Curitiba;PR;80230110
414981;RUA GENESIO REGO;211;;MONTE CASTELO;SÃ£o LuÃ­s;MA;65030650
415260;AVENIDA ERNANI DO AMARAL PEIXOTO;36;COMPLEMENTO 1301;CENTRO;NiterÃ³i;RJ;24020074
423173;Avenida Engenheiro Luiz Carlos Berrini;105;Edif. Berrini One, 26 andar;Cidade MonÃ§Ãµes;SÃ£o Paulo;SP;4571900
421839;SETOR SBN QD 02 BLOCO F SALA 413;BLOCO F;EDIFÃCIO VIA CAPITAL;ASA NORTE;BrasÃ­lia;DF;70040911
418340;RUA CONSELHEIRO SARAIVA;522;;VILA TIBÃ‰RIO;RibeirÃ£o Preto;SP;14050410
359394;RUA SANTOS DUMONT;766;;VILA TIBÃ‰RIO;RibeirÃ£o Preto;SP;14050060
423939;AV MANOEL DIAS DA SILVA;737;EDIF MULTI 1 ANDAR SALA 2A;PITUBA;Salvador;BA;41830000
417998;Avenida dos Autonomistas ;896;Anexo 900, Torre Santorini, Conj 1211;VILA YARA;Osasco;SP;6020012
420841;RUA DOM JOÃƒO MARIA OGNO;595;1Âº ANDAR;VILA MATILDE;SÃ£o Paulo;SP;3530050
312282;RUA TORQUATO DA SILVA LEITÃƒO;605;;SÃƒO DIMAS;Piracicaba;SP;13416215
421375;AVENIDA SÃƒO JOÃƒO;313;14Âº ANDAR, SALA 05;REPÃšBLICA;SÃ£o Paulo;SP;1043000
423424;AV DAS NACOES UNIDAS;10989;ANDAR 2 CONJ 22 SALA 03;BROOKLIN PAULISTA;SÃ£o Paulo;SP;4578900
319422;AVENIDA ANTÃ”NIO OMETTO;675;;VILA CLAUDIA;Limeira;SP;13480470
333875;RUA SANTA CASA;164;;CENTRO;Passos;MG;37904020
354562;AVENIDA INDEPENDENCIA;953;;ALTO;Piracicaba;SP;13419155
347655;RUA 2;297;;SAÃšDE;Rio Claro;SP;13500010
321320;PRAÃ‡A DR. JOSÃ‰ FURIATTI;153;;CENTRO;Taquaritinga;SP;15900037
329355;RUA DR. CARLINDO VALERIANI;337;;CENTRO;Porto Ferreira;SP;13660000
333808;RUA CARLOS KIELANDER;396;;CENTRO;Monte Alto;SP;15910000
345741;RUA SANTOS DUMONT;433;;CENTRO;Itapeva;SP;18400030
336831;R. SANTOS DUMONT;555;;VILA OPERARIA;MaringÃ¡;PR;87050100
366234;AVENIDA PRESIDENTE TANCREDO NEVES;6731;ESCRITORIO CENTRAL;CENTRAL HIDRELÃ‰TRICA DE ITAIPU;Foz do IguaÃ§u;PR;85866900
884;PRAÃ‡A ALFREDO EGYDIO DE SOUZA ARANHA;100;5Âº ANDAR - PARTE;PARQUE JABAQUARA;SÃ£o Paulo;SP;4344902
423211;AV ANTONIO CARLOS MAGALHAES;3244;ED THOME DE SOUZA, SALA 614;CAMINHO DAS ARVORES;Salvador;BA;41820000
418161;AV RIO BRANCO;1132;6Âº ANDAR - SALA 63;ALTO CAFEZAL;MarÃ­lia;SP;17502000
422029;AV. DAS AMÃ‰RICAS;3.200;204 a 209;BARRA DA TIJUCA;Rio de Janeiro;RJ;22640102
424323;ESTRADA DO TINDIBA;1630;;TAQUARA;Rio de Janeiro;RJ;22740362
419095;RUA PASCHOAL BARDARO;2055;SALAS 02 E 03;JARDIM BOTANICO;RibeirÃ£o Preto;SP;14021655
364592;RUA BAHIA;108;TORRE A - SALA 212 - CONDOMÃNIO ATIBAIA ;RECREIO ESTORIL;Atibaia;SP;12944060
422339;Avenida Almirante JÃºlio de SaÂ¿ Bierrenba;200;BLC 002 SAL 0301 BLC 002 SAL 0302 BLC 00;BARRA DA TIJUCA;Rio de Janeiro;RJ;22775028
418706;RUA GERMANIA;830;;BONFIM;Campinas;SP;13070770
418595;AV PROFESSOR CARVALHO PINTO;69;;CENTRO;Caieiras;SP;7700210
414492;ALAMEDA DOS GUARAMOMIS;1176;TÃ‰RREO, 1Âº, 2Âº E 3Âº ANDARES;PLANALTO PAULISTA;SÃ£o Paulo;SP;4076012
423688;RUA RIO AMAPÃ;82;CJ VIERALVES;NOSSA SENHORA DAS GRAÃ‡AS;Manaus;AM;69053150
418536;RUA XV DE NOVEMBRO ;1155;SALA 1002;CENTRO;Curitiba;PR;80060000
379280;AVENIDA PAULISTA;1079;7Âº ANDAR;BELA VISTA;SÃ£o Paulo;SP;1311200
421685;Rua Duque de Caxias ;302;601.0;Centro;Barra Mansa;RJ;27345010
422479;Avenida Brigadeiro Luis AntÃ´nio;487;4 andar, Sala 41;Bela Vista ;SÃ£o Paulo;SP;1132000
418374;SETOR DE HABITAÃ‡Ã•ES COLETIVAS GEMINADAS ;QUADRA 704/705;BLOCO C, LOJA 48;ASA NORTE;BrasÃ­lia;DF;70730630
412490;RUA PARIQUIS;1056;;JURUNAS;BelÃ©m;PA;66033590
416835;RUA CAMPOS SALES;2217;;CENTRO;Mirassol;SP;15130013
349291;RUA DA ALFANDEGA;80;SALA 402;CENTRO;Rio de Janeiro;RJ;20070004
423254;RUA SETE DE SETEMBRO ;55.0;SALA 2303;CENTRO;Rio de Janeiro;RJ;20050004
419516;Escadaria Acyr GuimarÃ£es;25;;Centro;VitÃ³ria;ES;29015360
415065;AVENIDA T-9;735;QD 87, LOTE 23, SALAS 1a4;SETOR BUENO;GoiÃ¢nia;GO;74215025
418048;Alameda  Campinas;457;8Âº  andar;Bairro  Jardim  Paulista;SÃ£o Paulo;SP;1404100
424111;AV RIO BRANCO;125;SALA 1601;CENTRO;Rio de Janeiro;RJ;20040006
417564;RUA RODRIGO SILVA;26;SALA 1401;CENTRO;Rio de Janeiro;RJ;20011902
420964;Avenida Treze de Maio;13;Pavimento 4 - conjunto 409, Sala 421;Centro;Rio de Janeiro;RJ;20031007
329967;RUA VICENTE DE PAULA LIMA;1036;;CENTRO;Serrana;SP;14150000
416495;AV. SALDANHA DA GAMA;447;;CENTRO;MatÃ£o;SP;15990120
424196;RUA SETE DE SETEMBRO;55;SALA 1106;CENTRO;Rio de Janeiro;RJ;20050004
417696;AV BRIGADEIRO FARIA LIMA;1485;CONJ. 11 - TORRE NORTE;JARDIM PAULISTANO;SÃ£o Paulo;SP;1452002
424064;RUA PROFESSOR PLINIO GARCEZ DE SENA;7;SETOR B - SALA 203;MUSSURUNGA I;Salvador;BA;41490340
423611;Avenida JoÃ£o Cabral de Melo Neto;850;bloco 2, sala 722;Barra da Tijuca;Rio de Janeiro;RJ;22775057
419559;AVENIDA PRESIDENTE VARGAS;309;PAVIMENTO 17;CENTRO;Rio de Janeiro;RJ;20040010
328537;Rua BrÃ¡s Cubas;83;;Vila Lanzara;Guarulhos;SP;7115030
422797;AVENIDA TREZE DE MAIO ;33;BLOCO B, SALA 1214;CENTRO;Rio de Janeiro;RJ;20031920
419753;AVENIDA AFONSO PENA;867;SALAS 1401 A 1411;CENTRO;Belo Horizonte;MG;30130905
421367;RUA EMILIANO PERNETA;297;SALA 211 - ANDAR 21 - COND. METROPOLITAN;CENTRO;Curitiba;PR;80010050
420859;RUA CONSTRUTOR SEBASTIÃƒO SOARES DE SOUZA;40;SALAS 1101 a 1104 e 1108 - ED. INFINITY;PRAIA DA COSTA;Vila Velha;ES;29101350
411868;RUA ALCEBIADES WOLHERS;2;;JARDIM SÃƒO CRISTOVÃƒO ;Extrema;MG;37640000
424331;AV MANOEL DIAS DA SILVA;737;EDIF MULTI 1 ANDAR SALA 2B;PITUBA;Salvador;BA;41830000
333689;AVENIDA ALPHAVILLE;779;11Âº ANDAR, LADO B, SL.1102 - PARTE, EMP.;BARUERI;SÃ£o Paulo;SP;6472900
424099;RUA SENADOR DANTAS;117;SALA 1219;CENTRO;Rio de Janeiro;RJ;20031911
421391;RUA CLÃUDIO SOARES;72;14Âº ANDAR, CONJUNTO 1417;PINHEIROS;SÃ£o Paulo;SP;5422030
424307;Rua JoÃ£o Pessoa de Matos;530;Sala 603;Praia da Costa;Vila Velha;ES;29101115
423521;RUA MARANHAO;575;SALA 1012 - EDIFICIO TORRE SUL;PRAIA DA COSTA;Vila Velha;ES;29101340
406481;RUA FLÃ“RIDA;1595;14Âº ANDAR, PARTE;BROOKLIN NOVO ;SÃ£o Paulo;SP;4565001
380661;ALAMEDA SANTOS;1827;17Âº ANDAR;CERQUEIRA CESAR;SÃ£o Paulo;SP;1419002
412015;RUA AUGUSTO DE VASCONCELLOS;544;LOJA 148;CAMPO GRANDE;Rio de Janeiro;RJ;23050340
416703;FAZENDA CARAÃBA;S/N;CENTRO;DISTRITO DE PILAR;Jaguarari;BA;48967000
422061;RUA DA QUITANDA;62;SALA 701;CENTRO;Rio de Janeiro;RJ;20011030
421677;RUA MARECHAL DEODORO;869;CONJ 806 ANDAR 08 EDIFÃCIO CENTER TOWER;CENTRO;Curitiba;PR;80060010
420140;AVENIDA RIO BRANCO;114;SALA 301;CENTRO;Rio de Janeiro;RJ;20040001
351351;AVENIDA INDEPENDÃŠNCIA ;1339;;JARDIM SUMARÃ‰;RibeirÃ£o Preto;SP;14025390
421847;RUA DA QUITANDA;62;SALA 701;CENTRO;Rio de Janeiro;RJ;20011030
418650;RUA DOM MANUEL;29;1Âª ANDAR;CENTRO;Rio de Janeiro;RJ;20010090
304441;AV. JERÃ”NIMO PIRES;1234;;CENTRO;BelÃ©m do SÃ£o Francisco;PE;56440000
421286;AVENIDA DAS AMERICAS;500;BLOCO 04, SALA 313;BARRA DA TIJUCA;Rio de Janeiro;RJ;22640904
415057;RUA PARA;422;;CENTRO;Morrinhos;GO;75650000
421146;PRAÃ‡A SAMUEL SABATINI;226;BLOCO 01, SALAS 308/309;CENTRO;SÃ£o Bernardo do Campo;SP;9750700
305928;RUA BENJAMIN CONSTANT;577;;CENTRO;SÃ£o JosÃ© do Rio Pardo;SP;13720000
372609;RUA URSULA ERCOLE CUMIN;211;TERREO;SAMAMBAIA;Campo Magro;PR;83535000
348520;AVENIDA PAULISTA;867;6Âº ANDAR, CONJUNTO 61, SALA 2;BELA VISTA;SÃ£o Paulo;SP;1311100
359017;AVENIDA PAULISTA;867;;BELA VISTA;SÃ£o Paulo;SP;1311100
423661;RUA NILO PEÃ‡ANHA;50;SALA 2517;CENTRO;Rio de Janeiro;RJ;20020906
417840;AVENIDA CARLOS GOMES;222;CONJUNTO 901;BOA VISTA;Porto Alegre;RS;90480000
352888;Avenida das AmÃ©ricas;3500;Le Monde Office, bloco 01, sala 613;Barra da Tijuca ;Rio de Janeiro;RJ;22640102
422754;AVENIDA YOJIRO TAKAOKA;4384;SALA 701;ALPHAVILLE;Santana de ParnaÃ­ba;SP;6541038
422088;ALAMEDA SANTOS;1357;9Âº ANDAR;JARDIM PAULISTA;SÃ£o Paulo;SP;1419001
421464;Rua Dos  Andradas;1091;Sala 61;Centro Historico;Porto Alegre;RS;90020015
310981;AV. TAMBORÃ‰;267;15Âº ANDAR, CJ 151-B PARTE, BL NORTE;TAMBORÃ‰;Barueri;SP;6460000
312321;RUA JOÃƒO PICOLLI ;322;SALAS 602 a 604;CENTRO;JaraguÃ¡ do Sul;SC;89251590
406414;RUA 24 DE MAIO;1365;LOJA 01 - ANDAR TÃ‰RREO;REBOUÃ‡AS;Curitiba;PR;80230080
422851;AV RIO JUTAI;26;QD 36 - COND. RESID. ISAIAS VIEIRA;NOSSA SENHORA DAS GRACAS;Manaus;AM;69053020
422622;MARIA NAZARE LACERDA;165;LOJA 13;JARDIM DO LAGO;Nova Serrana;MG;35522000
405671;AVENIDA CAÃ‡APAVA;146;;PETROPOLIS;Porto Alegre;RS;90460130
418994;AVENIDA EUSÃ‰BIO DE QUEIROZ;2752;SALA 07 E 10;COITÃ‰;EusÃ©bio;CE;61760000
419281;AVENIDA DAS NAÃ‡Ã•ES UNIDAS;10989;2Âº ANDAR, CONJUNTO 22;ALTO DE PINHEIROS;SÃ£o Paulo;SP;4578000
414387;RUA DESEMBARGADOR LEITE ALBUQUERQUE;635;COBERTURA;ALDEOTA;Fortaleza;CE;60150150
344486;RUA ALEXANDRE HERCULANO;197;SALA 2001;GONZAGA;Santos;SP;11050031
423491;Rua Artur de Azevedo;1697;Salas 1 e 2;Pinheiros;SÃ£o Paulo;SP;5404014
418111;AVENIDA RIO BRANCO ;209;SALA 3;SÃ£O PELEGRINO;Caxias do Sul;RS;95010060
422924;RUA DOUTOR PEDRO MONTEIRO;54;SALA 02;CENTRO;MaceiÃ³;AL;57020380
389854;SAUS QUADRA 04 - BL. A;SALAS 1101/1112;ED. VICTORIA OFFICE TOWER;ASA SUL;BrasÃ­lia;DF;70070938
417831;RUA ABRÃƒO ANTONIO;453;;JARDIM PLANALTO;Birigui;SP;16203520
419184;RUA CORONEL CASCUDO;331;;CIDADE ALTA;Natal;RN;59025260
419583;RUA DAS PITANGUEIRAS;18;SALA 72 - 7Âº ANDAR;JARDIM PITANGUEIRAS I;JundiaÃ­;SP;13202450
423238;RUA BOM SUCESSO ;734.0;CONJ 10;CIDADE MAE DO CEU ;SÃ£o Paulo;SP;3305000
301949;ALAMEDA ARAGUAIA ;2104;ANDAR 21 CONJ 211 AO 214;ALPHAVILLE INDUSTRIAL;Barueri;SP;6455000
412040;AV. GOV. CARLOS DE LIMA CAVALCANTI;229;;DERBY;Recife;PE;50070110
416738;AVENIDA ONZE DE MAIO;1521;;VILA LIBERDADE;Presidente Prudente;SP;19050050
422185;AVENIDA NOSSA SENHORA DE COPACABANA;817;SALA 601;COPACABANA;Rio de Janeiro;RJ;22050002
424030;RUA BARAO DE JAGUARA;1214;ANDAR 2 SALA 01;CENTRO;Campinas;SP;13015002
359661;RUA FRANZ SCHUBERT;33;;JD PAULISTANO;SÃ£o Paulo;SP;1454020
304212;AV CEL FREDERICO LINK ;714;SALA 302;IDEAL;Novo Hamburgo;RS;93336002
422673;RUA CARLOS DIAS DA SILVA;37-A;;ITINGA;Lauro de Freitas;BA;42738560
420743;RUA 24 DE NOVEMBRO;182;;CENTRO - SERRA CAIADA;Serra Caiada;RN;59245000
419699;AVENIDA FERNANDO CORREA DA COSTA;920;;VILA GLORIA;Campo Grande;MS;79004310
318477;RUA ROCHA POMBO;54;;ACLIMAÃ‡ÃƒO;SÃ£o Paulo;SP;1525010
354511;RUA  DEZENOVE DE FEVEREIRO ;140;3Âº ANDAR ;BOTAFOGO;Rio de Janeiro;RJ;22280030
418226;RUA ARY PARREIRAS;201;;CENTRO ;ItaguaÃ­;RJ;23816541
418200;RUA EUCLIDES DA CUNHA;21;;CASTANHEIRA;BelÃ©m;PA;66645130
418447;AVENIDA ESTADOS UNIDOS;311;;PARQUE DAS NAÃ§OES;Santo AndrÃ©;SP;9210300
366510;AVENIDA DOM PEDRO II;1095;;CENTRO;Ibitinga;SP;14940000
412996;AVENIDA ANITA GARIBALDI;1133;SALA 1204;ONDINA;Salvador;BA;40170136
420972;AVENIDA CARAVELAS;3;SALA 28 - ED. GALERIA DIVAMAR;PRAIA DO FRANCES;Marechal Deodoro;AL;57160000
404772;AVENIDA PAULISTA;1765;7Âº ANDAR, CONJ. 72 - CV 8262;BELA VISTA;SÃ£o Paulo;SP;1311200
416371;Rua Visconde de InhaÃºma;468;SalÃ£o Comercial ;Centro;RibeirÃ£o Preto;SP;14010902
419991;AVENIDA JOSÃ‰ RUSCHI;246;;CENTRO;Santa Teresa;ES;29650000
423483;Rua Dom Jaime CÃ¢mara;170;Salas 101 e 102;Centro;FlorianÃ³polis;SC;88015120
315265;AVENIDA CARLOS CORREA BORGES;1130;SALA 03, TÃ‰RREO E 1 ANDAR;JARDIM GUAPORÃ‰;MaringÃ¡;PR;87060215
350141;AVENIDA GETÃšLIO VARGAS;3201;;ÃGUA VERDE;Curitiba;PR;80240041
415782;RUA MARECHAL RONDON;150;;JARDIM SUMARÃ‰;RibeirÃ£o Preto;SP;14025430
331988;AV. PRESIDENTE VARGAS;3131;6Âº ANDAR, SALAS 605 e 606;CIDADE NOVA;Rio de Janeiro;RJ;20210030
420778;Avenida Rio Branco ;2672;Sala A;Setor 05;Jaru;RO;76890000
422584;RUA GARIBALDI;S/N;LOTE 2A LOJA 007;ALPHAVILLE ABRANTES;CamaÃ§ari;BA;42821872
422355;RUA DR JOSE PEROBA;349;SALAS 1105 E 1106, ED.EMPRESARIAL C. AZU;STIEP ;Salvador;BA;41770235
421774;RUA DOUTOR PEDROSA;183;CASA, CONDOMÃNIO PEDROSA DR CJ;CENTRO;Curitiba;PR;80420120
421707;RUA CONDE DO PINHAL;739;-;CENTRO;IbatÃ©;SP;14815000
310239;RUA JOSÃ‰ VERSOLATO;101;Bloco A - SL 42;CENTRO;SÃ£o Bernardo do Campo;SP;9750730
419486;RUA CORONEL FAGUNDES;100;SALA 02 - EDIFÃCIO DR. ARY DALASEN;CENTRO;Videira;SC;89560156
343463;RUA PROFESSOR OSMAN SANTOS OLIVEIRA ;106;;CENTRO ;Nossa Senhora das Dores;SE;49600000
413551;RUA QUINTINO BOCAIUVA;232;;CENTRO;SÃ£o JoÃ£o del Rei;MG;36307302
423882;Rua InconfindÃªncia;488;Sala 201A;Centro;Betim;MG;32600100
324299;Rua Luiz Ferreira Pinto;42;;Campo do Manejo;Resende;RJ;27520330
424200;AVENIDA JOSE WILKER ATOR;605;SALA 237;BARRA DA TIJUCA;Rio de Janeiro;RJ;22775024
363391;RUA DOM PEDRO II;780;3Âº ANDAR - SALAS 301 A 304;CENTRO;Governador Valadares;MG;35010090
382281;RUA ROOSEVELT DE OLIVEIRA;251;;APARECIDA;UberlÃ¢ndia;MG;38400610
417106;AVENIDA PROFESSOR MAGALHÃƒES NETO;1550;SALAS 1501 A 1504 - ED. PREMIER TOWER EM;PITUBA;Salvador;BA;41810012
411582;RUA CONSELHEIRO OTAVIANO;130;;CENTRO;Campos dos Goytacazes;RJ;28010140
360244;AV ANA COSTA;468;;GONZAGA;Santos;SP;11060002
420166;RUA ALPHEU GRIMELLO;464;EDIFÃCIO SAN DOMENICO;TABOÃƒO;BraganÃ§a Paulista;SP;12916010
411256;AV SAO JOSE DOS CAMPOS ;256;ANDAR PISO SUPERIOR ;JARDIM NOVA EUROPA;Campinas;SP;13040145
415936;RUA MAGID ANTONIO CALIL;176;;JARDIM BOTÃ‚NICO;RibeirÃ£o Preto;SP;14021644
423408;RUA FLORIANO PEIXOTO;1009;;VILA MENDONÃ‡A;AraÃ§atuba;SP;16015000
415987;RUA CAMPOS;130;;SÃƒO JOSE;Aracaju;SE;49015220
416517;RUA DOUTOR MILTON BANDEIRA;140;LOJA 202;CENTRO;ViÃ§osa;MG;36570000
418986;SRTVS QUADRA 701, CONJUNTO L, BLOCO 02;38;TÃ‰RREO II, SALA 112;ASA SUL;BrasÃ­lia;DF;70340906
420956;RUA JOÃƒO PESSOA DE MATOS;530;COND. ED. PRE OFFICE TOWER;PRAIA DA COSTA;Vila Velha;ES;29101115
348830;AV. RAIMUNDO PEREIRA DE MAGALHAES;12575;SALA 03;PARADA DE TAIPAS;SÃ£o Paulo;SP;2989095
403458;AV. IPIRANGA;337;10Âº ANDAR - CJ.101;REPÃšBLICA;SÃ£o Paulo;SP;1046010
423441;QS 1 RUA 210 TORRE 03 - LOTE 34/36;S/N;SALA 312;AGUAS CLARAS ;BrasÃ­lia;DF;71950770
418552;AV. RIO BRANCO ;131; 5Âº ANDAR, SALAS 501 a 504;CENTRO;Rio de Janeiro;RJ;20040006
417751;SETE DE ABRIL ;230;BLOCO A CONJUNTO 102;REPÃšBLICA;SÃ£o Paulo;SP;1044000
351270;RUA PARANÃ;700;;CENTRO;Pato Branco;PR;85501074
415693;AV NOVE DE JULHO ;355;;JARDIM APOLO;SÃ£o JosÃ© dos Campos;SP;12243000
316903;RUA GENERAL NETO;353;;FLORESTA;Porto Alegre;RS;90560020
346870;Rua dos Andradas;955;3Âº andar, apto. 302 - salas 02, 06 e 07;CENTRO HISTÃ“RICO ;Porto Alegre;RS;90020005
415081;TRAVESSA MAURITI;3050;SALA 1;MARCO;BelÃ©m;PA;66093020
582;Alameda BarÃ£o de Piracicaba;740;Torre B, 8Âº andar, Lado B;CAMPOS ELISEOS;SÃ£o Paulo;SP;1216012
418625;RUA GUAIANASES;1238;MEZANINO - PARTE;CAMPOS ELISEOS;SÃ£o Paulo;SP;1204002
417491;RUA GUAIANASES;1238;MEZANINO/PARTE;CAMPOS ELISEOS;SÃ£o Paulo;SP;1204001
420280;ALAMEDA CAMPINAS;457;8Âº andar - cj, D;JARDIM PAULISTA;SÃ£o Paulo;SP;1404100
419133;SHS;QUADRA 2 ;BLOCO B,  nÂº 2 - Ed. TELEX - 1Âº e 2Âº and;ASA SUL;BrasÃ­lia;DF;70312970
421413;Rua Buenos Aires;441;Sala 33;Batel;Curitiba;PR;80250070
422959;PC GIL MOREIRA;1.0;EDIF GIL MOREIRA SALA 4;RECREIO;VitÃ³ria da Conquista;BA;45020360
384844;RUA CORONEL JOÃƒO LEME;688;EV. 3;CENTRO;BraganÃ§a Paulista;SP;12900161
410420;RUA CORONEL. FRANCISCO PEREIRA;385;SALA 02;MESSEJANA;Fortaleza;CE;60840290
413267;AVENIDA BRIGADEIRO LUIZ ANTONIO;3521;14Âº ANDAR;JARDIM PAULISTA;SÃ£o Paulo;SP;1401001
302147;AVENIDA BRIGADEIRO LUIZ ANTÃ”NIO;3521;15Âº ANDAR;JARDIM PAULISTA;SÃ£o Paulo;SP;1401001
421804;RUA ALFERES POLI;1681;;RebouÃ§as;Curitiba;PR;80220050
374440;Rua Funchal;538;SL 24;Vila OlÃ­mpia;SÃ£o Paulo;SP;4551060
403636;RUA CAMILO CHAGAS;275;SALA 2;CENTRO;Conchal;SP;13835000
418307;RUA DA QUITANDA;70;6Âª ANDAR - PARTE;CENTRO;Rio de Janeiro;RJ;20011030
416525;AVENIDA RIO BRANCO;123;SALA 2106 A 2111;CENTRO;Rio de Janeiro;RJ;20040005
424161;AV JOSE MANARA;450;SALA 201;FIM DO CAMPO;Jarinu;SP;13240000
310522;AV L3 SUL;611;SGAS MOD. 75/76;ASA SUL;BrasÃ­lia;DF;70200710
424251;RUA MADRE MARIA VICTORIA;90;SALA 302;CHARITAS;NiterÃ³i;RJ;24370035
326861;RUA SOL NASCENTE;43;ED. CENTRO MÃ‰DICO EMPRESARIAL VITRAUX  S;FEDERAÃ‡ÃƒO;Salvador;BA;40210760
417475;RUA DOM BOSCO;562;;CENTRO;Lorena;SP;12600100
305626;AV. AFONSO PENA;544;SALA 01;CENTRO;Montes Claros;MG;39400098
301728;AV. SETE DE SETEMBRO;1161;;CENTRO;DivinÃ³polis;MG;35500011
421383;AV ADVOGADO HORACIO RACCANELLO FILHO;6170;SALA 5;ZONA 01;MaringÃ¡;PR;87045200
422533;RUA DA PAZ;483;;JARDIM DOS ESTADOS ;Campo Grande;MS;79020250
422193;AVENIDA SENADOR FEIJÃ“;686;SALA 731;VILA MATHIAS;Santos;SP;11015504
422703;Avenida Eldes Scherrer Souza;975;Sala 801;Parque Residencial Laranjeiras;Serra;ES;29165680
417173;AVENIDA PAULISTA;1.106;12Âº ANDAR - PARTE;BELA VISTA;SÃ£o Paulo;SP;1310914
419290;AVENIDA PAULISTA;1.106;12Âº ANDAR -  PARTE;BELA VISTA;SÃ£o Paulo;SP;1310914
417131;AV. TANCREDO NEVES;620;Salas 1805 e 1806;CAMINHO DAS ÃRVORES;Salvador;BA;41820020
420999;RUA JOSÃ‰ FRANCISCO DE SOUZA;148;2Âº ANDAR - SALA 202;ESPLANADA;Colatina;ES;29702640
421243;RUA IVO PRADO;79;LOJA 107;CAMPO GRANDE;Rio de Janeiro;RJ;23080200
418170;SRTVS QD 701 CONJUNTO L ;38;BLOCO 01, NÂº 38, LOJAS 10 e 20, BLOCO 02;ASA SUL;BrasÃ­lia;DF;70340906
419389;RUA DO ROSÃRIO;1;SALA 601;CENTRO;Rio de Janeiro;RJ;20041003
420271;RUA PAULO ANTONIO DO NASCIMENTO;110;QD F - LOTE 08;JARDIM COLINA - PORTAL DA ;Sorocaba;SP;18047400
418196;RUA SETE DE ABRIL;97;11 ANDAR;REPÃšBLICA;SÃ£o Paulo;SP;1043000
418862;AV. Ã‰RICO VERÃSSIMO;400;;MENINO DEUS;Porto Alegre;RS;90160180
331317;RUA MENA BARRETO;143;;BOTAFOGO;Rio de Janeiro;RJ;22271100
423513;RUA MENA BARRETO;143;ANDAR 8;BOTAFOGO;Rio de Janeiro;RJ;22271100
418773;AVENIDA DAS AMERICAS;500;BLOCO 23 SALA 215;BARRA DA TIJUCA;Rio de Janeiro;RJ;22640100
418692;RUA TREZE DE MAIO;527;SALA AB;CENTRO;Teresina;PI;64001150
422878;RUA OMAR CINTRA DAMIÃƒO ;355;;VILA DINIZ;SÃ£o JosÃ© do Rio Preto;SP;15013260
417149;RUA LUIZ DA CUNHA;736;;VILA TIBÃ©RIO;RibeirÃ£o Preto;SP;14050040
421359;Avenida Presidente Vargas;1198;;Centro;Linhares;ES;29900210
415243;RUA EPITÃCIO PESSOA;1.722;;CENTRO;SertÃ£ozinho;SP;14160180
415821;RUA PEDRO DE TOLEDO;980;CJ.16;VILA CLEMENTINO;SÃ£o Paulo;SP;4039020
324493;RUA MAESTRO CARDIM;1191;8Âº ANDAR;PARAÃSO;SÃ£o Paulo;SP;1323001
420981;SCS QUADRA 03 BLOCO A;107;1Âº AND SL. 101 ED. ANTONIA A. P. DE SOUS;ASA SUL;BrasÃ­lia;DF;70303907
418439;RUA CONSELHEIRO CRISPINIANO ;53;10Âº ANDAR - Conjuntos 101 e 102;REPÃšBLICA;SÃ£o Paulo;SP;1037001
423815;Av Minas Gerais;90;loja 11;Miranda;Araguari;MG;38444128
419567;CALÃ§ADA ALDEBARÃ£;153;2Âº ANDAR, Sl 22, PARTE, CENTRO DE APOIO ;ALPHAVILLE;Santana de ParnaÃ­ba;SP;6541055
422746;Av Dr JosÃ© BonifÃ¡cio Coutinho Nogueira;150;TÃ©rreo;Jd. Madalena;Campinas;SP;13091611
422860;Avenida Ator JosÃ© Wilker;605;bloco B - Sala 659;JacarepaguÃ¡;Rio de Janeiro;RJ;22775024
415901;RODOVIA 222 - KM 02;S/N;;JARDIM AMÃ‰RICA;AÃ§ailÃ¢ndia;MA;65930000
335614;RUA PEDRO FONSECA;170;;MONTE BELO;VitÃ³ria;ES;29053280
367095;RUA JOAQUIM NABUCO;1666;;CENTRO;Manaus;AM;69020031
422398;ALAMEDA VICENTE PINZON;54;SALAS 11A E 11 B;VILA OLIMPIA;SÃ£o Paulo;SP;4547130
340162;Estrada do DendÃª;563;TauÃ¡;ILHA DO GOVERNADOR;Rio de Janeiro;RJ;21920000
343676;RUA SILVIO ROMERO;37;;SANTA TEREZA;Rio de Janeiro;RJ;20230100
342033;RUA PADRE ANTONIO RIBEIRO PINTO;195;SALAS 301,401 A 406 ED. GUIZZARDI CENTER;PRAIA DO SUÃ;VitÃ³ria;ES;29052290
408522;AVENIDA TIRADENTES;389;;CENTRO;SÃ£o JoÃ£o del Rei;MG;36307346
421197;AVENIDA DOM JOSÃ‰ GASPAR;168;;MATRIZ;MauÃ¡;SP;9370670
345091;RUA PIRATININGA;1221;;CENTRO;SÃ£o Joaquim da Barra;SP;14600000
353264;RUA CEL ALIPIO DIAS;620;;CENTRO;SÃ£o JosÃ© do Rio Pardo;SP;13720000
342807;AV. BARÃƒO DO RIO BRANCO;3353;;PASSOS;Juiz de Fora;MG;36021630
306045;RUA MANOEL FERREIRA DAMIÃƒO;426;;VILA ABARCA;TupÃ£;SP;17601901
330116;RUA MINAS GERAIS;3051;;SANTA ELISA;Votuporanga;SP;15500000
344915;AV DR. MANOEL FURTADO;235;;CENTRO;Batatais;SP;14300000
422762;RUA TIBIRIÃ‡A;1172;;CENTRO;RibeirÃ£o Preto;SP;14010090
420085;AVENIDA CEZAR HILAL;391;;BENTO FERREIRA;VitÃ³ria;ES;29050657
355097;RUA BERING;114;;JARDIM DO MAR;SÃ£o Bernardo do Campo;SP;9750510
400190;RUA DAS FIGUEIRAS;501;;CAMPESTRE;Santo AndrÃ©;SP;9080370
421758;AVENIDA NOSSA SENHORA DA PENHA;595;SALA 1108 TORRE I;SANTA LUCIA;VitÃ³ria;ES;29056245
423106;Avenida AntÃ´nio Carlos MagalhÃ£es;3244.0;Empresarial ThomÃ© de Souza Sala 606;Caminho das Arvores;Salvador;BA;41820000
409243;RUA JERÃ”NIMO COELHO;212;2Âº ANDAR;CENTRO;Porto Alegre;RS;90010240
424145;AV IPIRANGA;313;10 ANDAR SL 04;REPUBLICA;SÃ£o Paulo;SP;1046010
423645;AVENIDA JOÃƒO PINHEIRO;639;2Âº ANDAR;CENTRO;UberlÃ¢ndia;MG;38400126
421154;AL MAMORE;535;ESCRITÃ“RIO 1110 , 11Âº ANDAR ;ALPHAVILLE CENTRO INDUSTRIAL E;Barueri;SP;6454040
414310;SETOR DE AUTARQUIAS NORTE ;QUADRA 5;LOTE C,  TORRE B,  3Âº ANDAR - CENTRO EMP;ASA NORTE;BrasÃ­lia;DF;70040250
423394;Rua Francisco de Assis;555;Apto 301;Recreio Dos Bandeirantes;Rio de Janeiro;RJ;22790530
414930;RUA JOSÃ‰ PAULINO;1248;ANDAR 8 CONJUNTO 08;CENTRO;Campinas;SP;13013001
412058;RUA BLUMENAU;354;;VILA LEOPOLDINA;SÃ£o Paulo;SP;5319020
421634;ESTRADA INTENDENTE MAGALHÃƒES;476;;OSWALDO CRUZ;Rio de Janeiro;RJ;21331720
358053;RUA 9A;304;QD 18A LT 09;SETOR AEROPORTO;GoiÃ¢nia;GO;74075250
414654;RUA EVARISTO DA VEIGA;55;SALAS 2401 A 2407;CENTRO;Rio de Janeiro;RJ;20031040
407224;RUA VERGUEIRO;4210;1Âº ANDAR;VILA MARIANA;SÃ£o Paulo;SP;4102900
303739;Rua Dr. Olidair AmbrÃ³sio;1636;;Centro;SertÃ£ozinho;SP;14160170
424188;Av. Primeira Radial;586;;Set Pedro Ludovico;GoiÃ¢nia;GO;74820300
414701;RUA CEDRO;202;LOJA 01;SÃƒO JOSÃ‰;Aracaju;SE;49020170
417602;QUADRA CSG;13;LOTES 17,18 E 19 TERREO;TAGUATINGA;BrasÃ­lia;DF;72035513
324710;RUA SÃƒO BENTO;347;1Âº ANDAR;CENTRO;Sorocaba;SP;18010030
345474;"SGAN QUADRA 601 - MÃ“DULO ""V"" - 1Âº ANDAR ";601;;ASA NORTE;BrasÃ­lia;DF;70836900
420077;RUA VERGUEIRO;4210;;VILA MARIANA;SÃ£o Paulo;SP;4102900
423874;RUA MINAS GERAIS;82;;ILHA DO LEITE;Recife;PE;50070400
422371;ALAMEDA RIO NEGRO;877;CJ 206 T B ;ALPHAVILLE CENTRO INDUSTRIAL E;Barueri;SP;6454000
356476;RUA VINTE E QUATRO DE ABRIL;2977;SLJ CENTRO EXECUTIVO PALHOÃ‡A;CENTRO;PalhoÃ§a;SC;88131030
422738;Rua 33;80;Sala 801;Vila Santa CecÃ­lia;Volta Redonda;RJ;27260010
361011;SDS CONJUNTO BARACAT, 1Âº ANDAR SALAS 1 A;11;;ASA SUL;BrasÃ­lia;DF;70392900
344095;RUA DR OLAVO GOMES PINTO;160;SALAS 42 E 44;CENTRO;SÃ£o LourenÃ§o;MG;37470000
423556;Rua Cesario Motta;251;;centro;MatÃ£o;SP;15990050
418790;RUA PRUDENTE DE MORAES;220;;VILA ESTRELA;Ponta Grossa;PR;84040150
403865;RUA CONSELHEIRO DANTAS;57/58;ED. PARAGUASSU-SALA 705;COMERCIO;Salvador;BA;40015070
333239;AVENIDA DUQUE DE CAXIAS;1422;;CENTRO;Fortaleza;CE;60035111
402001;RUA AURÃ‰LIA;652;;VIILA ROMANA;SÃ£o Paulo;SP;5046000
352586;AV VIEIRA DE CARVALHO;172;9Â° ANDAR;REPÃšBLICA;SÃ£o Paulo;SP;1210902
402095;RUA 14 DE JULHO;585;;VILA CONRADO;SÃ£o JoÃ£o da Boa Vista;SP;13870972
420051;Alameda Santos;1827;11Âº Andar, Sala 111;Cerqueira Cesar;SÃ£o Paulo;SP;1419100
423947;RUA DISTRITO FEDERAL;50;APT 902;CHACARA PAULISTA;MaringÃ¡;PR;87005100
326500;RUA VINTE E TRES DE MAIO;790;1Âº ANDAR;VIANELO;JundiaÃ­;SP;13207070
415898;SCRS  QD 508 BLOCO B LOJA 25;25;;ASA SUL;BrasÃ­lia;DF;70351550
413721;AVENIDA DEZOITO DE JULHO;227;;SÃƒO JOSÃ‰;AlÃ©m ParaÃ­ba;MG;36660000
411809;AV. FRANCISCO MARTINS BASTOS ;80;;SANTA TEREZA ;Rio Grande;RS;96201650
413941;AVENIDA RIO BRANCO;440;;CENTRO;Natal;RN;59025000
413372;RUA ANDRADE NEVES;915;;CENTRO;Pelotas;RS;96020080
416410;RUA GOITACAZES;375;SALA 1104;CENTRO;Belo Horizonte;MG;30190050
423068;Rua Monsenhor Aderbal Miranda;875;sala 02;BrasÃ­lia;Feira de Santana;BA;44088180
415871;RUA DR ANGELO VITA;304;B (FUNDOS);TATUAPE;SÃ£o Paulo;SP;3069000
422291;RUA SETE DE SETEMBRO;92;SALA 2208, GALERIA MASSON;CENTRO;Rio de Janeiro;RJ;20050002
424293;RUA DA ASSEMBLEIA;10;SALA 3517;CENTRO;Rio de Janeiro;RJ;20011901
424153;AVENIDA RIO BRANCO;26;SBL;CENTRO;Rio de Janeiro;RJ;20090001
403245;RUA QUINTINO BOCAIÃšVA;694;CJ 708;MOINHOS DE VENTO;Porto Alegre;RS;90440050
419524;ALAMEDA RIO NEGRO;500;CONJUNTO 305 - TORRE 2;ALPHAVILLE;Barueri;SP;6454000
421472;RUA FORTUNATO;286;;VILA BUARQUE;SÃ£o Paulo;SP;1224030
423289;Rua Dronsfield ;423;sala 02;Lapa;SÃ£o Paulo;SP;5074000
6246;RUA DO PASSEIO;42;6Âº PAVIMENTO;CENTRO;Rio de Janeiro;RJ;20021290
417815;ALAMEDA SANTOS;2.101;5Âº ANDAR;CERQUEIRA CÃ‰SAR;SÃ£o Paulo;SP;1419911
477;AVENIDA MOEMA ;300;LOJA 01 e 02;MOEMA;SÃ£o Paulo;SP;4077020
416428;ALAMEDA SANTOS ;2.101;4Âº ANDAR;CERQUEIRA CÃ‰SAR;SÃ£o Paulo;SP;1419911
423718;Q CINCO;7;FOLHA CSII 30 LOTE G06 E G07;NOVA MARABÃ;MarabÃ¡;PA;68507370
338346;AV INDEPENDENCIA;386;;INDEPENDÃŠNCIA;Porto Alegre;RS;90035070
421405;RUA LAURO MULLER;116;SALAS 3101, 3107 E 3108;BOTAFOGO;Rio de Janeiro;RJ;22290160
319180;RUA TREZE DE MAIO;1.437;;CENTRO;Catanduva;SP;15800010
403962;AV. DR. FERNANDO GOES;1076;;CENTRO;Petrolina;PE;56304020
344362;AV. BRASIL;1530;;SANTO ANTONIO;Americana;SP;13465770
421740;AV PAULISTA;453;2Âº ANDAR, CONJUNTOS 21,22 E 24;BELA VISTA;SÃ£o Paulo;SP;1311000
316849;AV PRESIDENTE VARGAS;290;;CENTRO;Rio de Janeiro;RJ;20071000
422771;Rua Deputado AntÃ´nio Edu Vieira;1414;;Saco dos LimÃµes/Pantanal;FlorianÃ³polis;SC;88040245
412759;AVENIDA CONCÃŠNTRICA;4;;JARDIM BRASÃLIA;CamaÃ§ari;BA;42803001
416193;RUA BORGES LAGOA;314;;VILA CLEMENTINO;SÃ£o Paulo;SP;4038000
417114;AVENIDA PROFESSOR MAGALHÃƒES NETO;1856;9Âº ANDAR - S. 909 - ED TK TOWER;PITUBA;Salvador;BA;41810012
423548;AVENIDA RAJA GABAGLIA;3502;2Âº ANDAR - SALA 201;ESTORIL;Belo Horizonte;MG;30494310
423017;AVENIDA NOSSA SENHORA DA PENHA ;1495.0;LOJA 25;SANTA LUCIA ;VitÃ³ria;ES;29056245
422827;Rua Manoel Braga Machado;83;Anexo Loja;FerroviÃ¡rios;Cachoeiro de Itapemirim;ES;29308065
412252;RUA CARVALHO ALVIM;261;PARTE;TIJUCA;Rio de Janeiro;RJ;20510100
418528;RODOVIA BR 040;66;KM 800;CONDOMÃNIO EMPRESARIAL PARK SU;Matias Barbosa;MG;36120000
420107;AVENIDA PAULISTA;1.106;12Âº ANDAR - PARTE;BELA VISTA;SÃ£o Paulo;SP;1310914
423041;RUA SAO PAULO;409.0;406.0;CENTRO;Belo Horizonte;MG;30170130
401072;RUA VICENTE LINHARES;500;SALAS 606, 607, 608 E 609;ALDEOTA;Fortaleza;CE;60135270
413429;RUA MAXIMIANO FIGUEIREDO;94;SL 00002;CENTRO;JoÃ£o Pessoa;PB;58013470
404942;AVENIDA JOSÃ‰ ANIBAL SOARES DE OLIVEIRA;1062;;CENTRO;Ituverava;SP;14500000
385255;RUA LUIS PINTO FLAQUER;457;;CENTRO;Santo AndrÃ©;SP;9010090
306398;AV. PIRAÃ;155;;SÃƒO CRISTOVÃƒO;Lajeado;RS;95913148
313955;RUA ADÃƒO ARAUJO;181;;PORTO NOVO;AlÃ©m ParaÃ­ba;MG;36660000
354996;RUA PRESIDENTE ARTUR BERNARDES;189;;CENTRO;Alfenas;MG;37130000
324159;AVENIDA DEZ;685;;CENTRO;OrlÃ¢ndia;SP;14620000
343684;RUA XV DE NOVEMBRO;556;;CENTRO;Vacaria;RS;95200000
352519;RUA FLORES DA CUNHA;530;;SANTA HELENA;IbirubÃ¡;RS;98200000
341819;RUA DOMINGOS LACERDA;1057;;CENTRO;Coromandel;MG;38550000
348261;RUA DOUTOR TEIXEIRA SOARES;151;;CENTRO;Formiga;MG;35557000
372561;RUA PREFEITO EUGÃŠNIO SCHNEIDER;123;;EUGÃŠNIO SCHNEIDER;Rio do Sul;SC;89167900
345598;AV. DA SAUDADE;369;;SILVESTRE;Amparo;SP;13900570
348082;PRAÃ‡A MARTINICO PRADO;71;;CENTRO;Araras;SP;13600680
312347;AV. FAYAD HANNA;0;Q B LT 1,2 E 3;CIDADE JARDIM;AnÃ¡polis;GO;75080410
358096;RUA DESEMBARGADOR CLOTARIO PORTUGAL;927;;CENTRO;Apucarana;PR;86800020
354325;AV. CORONEL TEODOLINO PEREIRA DE ARAÃšJO;801;;CENTRO;Araguari;MG;38440062
335215;RUA MAJOR FELIX MOREIRA;39;;CENTRO;Araruama;RJ;28970000
331651;AVENIDA JOAO MOREIRA SALLES;130;;PADRE ALAOR;AraxÃ¡;MG;38182264
309087;RUA JÃšLIO AUGUSTO DE ARAÃšJO ;224;;BOA MORTE ;Barbacena;MG;36201001
304468;RUA XAVANTE;459;;SETOR SUL II;Barra do GarÃ§as;MT;78600908
343889;RUA DOS INCONFIDENTES;44;;FUNCIONÃRIOS;Belo Horizonte;MG;30140120
303976;TRAVESSA CURUZÃš;2212;;MARCO;BelÃ©m;PA;66085823
334561;RUA DAS MISSÃ•ES;455;;PONTA AGUDA;Blumenau;SC;89051900
323357;AV. JULIA KUBITSCHEK;35;LOJA 01;CENTRO;Cabo Frio;RJ;28905000
350346;RUA CORONEL JOSE DULCE;458;;CENTRO;CÃ¡ceres;MT;78200000
344141;SABINO ASSIS;125;;CENTRO;Cajazeiras;PB;58900000
343765;RUA ANTONIO COELHO DE GODOY;154;;SETOR OESTE;Caldas Novas;GO;75690000
367397;RUA CLAYTON ISMAEL;40;;LAURITZEN;Campina Grande;PB;58401393
335690;AV. BARÃƒO DE ITAPURA,;1123;;GUANABARA;Campinas;SP;13020901
367613;RUA JOÃƒO PINHEIRO;342;;CENTRO;Campo Belo;MG;37270000
312851;RUA GOIAS;695;;JARDIM DOS ESTADOS;Campo Grande;MS;79020101
347736;PRAÃ‡A CALÃ“GERAS;30;e 36;DÃRIO GROSSI;Caratinga;MG;35300004
340952;AVENIDA ADJAR DA SILVA CASÃ‰;800;ED. CARUARU CORPORATE, TERREO E 3Âº ANDAR;INDIANÃPOLIS;Caruaru;PE;55024740
315648;Rua Wanda da Silva Andrade;85;;Bela Vista;Cataguases;MG;36770167
346951;AVENIDA SANTA CATARINA;303;;CENTRO;CaÃ§ador;SC;89500124
357138;RUA RIO BRANCO;27-65;;JARDIM PAULISTA;Bauru;SP;17017220
414573;AVENIDA AMBROSIO FUMAGALLI;1338;;PQ. EGISTO RAGAZZO;Limeira;SP;13485333
347507;AV. TRANSCONTINENTAL;1019;;CENTRO;Ji-ParanÃ¡;RO;76900091
320897;RUA MOREIRA DOS SANTOS;768;;CENTRO;Barra do PiraÃ­;RJ;27130430
354295;RUA PORTO ALEGRE;132;;CENTRO;ChapecÃ³;SC;89802130
345709;RUA BIAS FORTES;216;;SÃƒO SEBASTIÃƒO;Conselheiro Lafaiete;MG;36406060
324345;RUA PE JOAO GUALBERTO DE MAGALHAES;765;;VIVENDAS COSTA AZUL;EunÃ¡polis;BA;45820645
371106;RUA SANTOS DUMONT;2705;CX POSTAL 337;CENTRO;Toledo;PR;85900010
311146;RUA MOISES ABRAAO;133;;CENTRO;ItaguaÃ­;RJ;23815460
342084;RUA BARAO DE MELGAÃ‡O;2713;;CENTRO SUL;CuiabÃ¡;MT;78020800
304701;AV AFFONSO PENNA;297;;TARUMÃƒ;Curitiba;PR;82530280
330108;RUA JOAQUIM FELICIO;116;;CENTRO;Curvelo;MG;35790000
311944;AVENIDA RIO BRANCO;258;;CENTRO;Adamantina;SP;17800000
303844;RUA CUIABA;896;JARDIM SANTO ANTÃ”NIO;CENTRO;Andradina;SP;16901200
369411;RUA RIO DE JANEIRO;357;;VILA MENDONÃ‡A;AraÃ§atuba;SP;16015150
364312;AVENIDA MARIA ANTONIA CAMARGO DE OLIVEIR;2599;;CENTRO;Araraquara;SP;14800370
300713;AVENIDA WALTER ANTONIO FONTANA;1997;;VILA CLAUDIA;Assis;SP;19815340
304123;RUA SANTA CATARINA;1981;;ALTO;AvarÃ©;SP;18708005
330264;RUA JUIZ ANTONIO CIANNI;55;;CENTRO;Barra Mansa;RJ;27310030
347108;RUA DEZOITO;275;;CENTRO;Barretos;SP;14780060
313149;RUA DR MANOEL FURTADO;300;;CENTRO;Batatais;SP;14300000
369659;RUA GUSTAVO MACIEL;nov/30;;CENTRO;Bauru;SP;17015320
331341;PRAÃ‡A ABÃLIO ALVES MARQUES;134;1Âº ANDAR;CENTRO;Bebedouro;SP;14700329
345776;RUA SAUDADES;32;76;CENTRO;Birigui;SP;16200005
304883;RUA MAJOR LEÃ”NIDAS CARDOSO;43;;CENTRO;Botucatu;SP;18600140
348244;RUA GUILHERME WEGNER;935;;SÃƒO LUIZ;Brusque;SC;88351495
352683;RUA TENENTE CORONEL CARDOSO;621;;CENTRO;Campos dos Goytacazes;RJ;28035043
366340;PRAÃ‡A DR. CEZÃRIO MOTTA;484;;CENTRO;Capivari;SP;13360000
370070;RUA BARAO DO CERRO AZUL;594;;CENTRO;Cascavel;PR;85802050
324566;RUA DOUTOR PEDRO LUDOVICO;180;;CENTRO;CatalÃ£o;GO;75701030
351407;RUA RIO PRETO;450;;CENTRO;Catanduva;SP;15800320
334154;CEL JOAO DIAS GUIMARAES;435;;CENTRO;CaÃ§apava;SP;12281350
354627;AVENIDA MATO GROSSO;1335;;CENTRO;Cianorte;PR;87200000
344788;RUA CUIABÃ;1083;;CENTRO;CorumbÃ¡;MS;79300060
329339;RUA ESTEVAO EMILIO DE SOUZA;201;;CEARÃ;CriciÃºma;SC;88815180
333662;Rua Oliveira Marques;2037;3Âº Andar;Jardim Central;Dourados;MS;79805021
314781;RUA EUCLIDES DA CUNHA;501;;CENTRO;Dracena;SP;17900000
326089;AVENIDA AFONSO CÃFARO;2611;;CORINTO;FernandÃ³polis;SP;15603436
317144;AV. SANTOS DUMONT;949;;ALDEOTA;Fortaleza;CE;60150160
355577;AV. JUSCELINO KUBITSCHEK DE OLIVEIRA;831;;CAMPO DO GALVÃƒO;GuaratinguetÃ¡;SP;12505300
333051;AVENIDA  PAULO FACCINI ;900;Fundos p/ Rua TapajÃ³s, nÂº 265, 269 e 273;JARDIM BARBOSA;Guarulhos;SP;7111000
365238;RUA DOMINGOS ROBERT;941;;CENTRO;Ibitinga;SP;14940133
329886;AVENIDA CARLOS BERCHIERI;791;;NOVA JABOTICABAL;Jaboticabal;SP;14870010
334847;RUA JOAQUIM NABUCO;901;;CENTRO;JataÃ­;GO;75800024
321273;RUA ORESTES GUIMARAES;905;;AMÃ‰RICA;Joinville;SC;89204060
325031;RUA MANOEL AMÃ‚NCIO;65;;CENTRO;LenÃ§Ã³is Paulista;SP;18682550
301574;RUA SANTA TEREZINHA;5;;CENTRO;Limeira;SP;13480090
354279;RUA FLORIANO PEIXOTO;1040;BLOCO D;CENTRO;Lins;SP;16400101
343269;AVENIDA AYRTON SENNA DA SILVA;1065;;PARQUE GUANABARA BOULEVARD;Londrina;PR;86050460
385620;PRAÃ‡A ROSENDO PEREIRA LEITE;74;;VILA ZELIA;Lorena;SP;12604080
302953;RUA EUZÃ‰BIO DE QUEIROZ;454;;CENTRO;MacaÃ©;RJ;27910230
311961;AVENIDA CONSTANTINO NERY;1678;;SÃƒO GERALDO;Manaus;AM;69050000
336106;RUA BORORÃ“S;225;;SALGADO FILHO;MarÃ­lia;SP;17502270
357715;AVENIDA ANTONIO CARLOS PANIAGO;QD 7;LOTE 3;MUNDINHO;Mineiros;GO;75832005
328308;AV. JOÃƒO BAPTISTA DE LIMA FIGUEIREDO;1818;JARDIM SANTA CECÃLIA;CENTRO;Mococa;SP;13733045
309524;RUA FLORINDO CESTARI;1262;;CENTRO;Monte Alto;SP;15910000
311294;RUA JOAQUIM DE AZEVEDO;628;;VILA MORAES;Ourinhos;SP;19900280
361615;RUA JOÃƒO EUGÃŠNIO;677;;CENTRO;ParanaguÃ¡;PR;83203400
320862;RUA RIO GRANDE DO NORTE;1428;;CENTRO;ParanavaÃ­;PR;87701020
323004;RUA LUIZ OSÃ“RIO;763;;CENTRO;PenÃ¡polis;SP;16300013
342343;RUA ALCIDES RAMOS NOGUEIRA;650;1Âº ANDAR/ SALA 1;MOMBAÃ‡A;Pindamonhangaba;SP;12421705
315729;Av. Antonia Pazzinato Sturion;1201;;Morumbi;Piracicaba;SP;13420640
314242;RUA JOAQUIM PROCÃ“PIO DE ARAÃšJO;3178;;CENTRO;Pirassununga;SP;13631020
315796;AV. CEL. JOSÃ‰ SOARES MARCONDES;3355;;JARDIM BONGIOVANI;Presidente Prudente;SP;19050230
351776;RUA TAMEKICHI TAKANO;11;TERREO;CENTRO;Registro;SP;11900000
351202;RUA LAFAIETE;789;;CENTRO;RibeirÃ£o Preto;SP;14015080
306126;AVENIDA TRÃŠS;654;;CENTRO;Rio Claro;SP;13500391
369292;AVENIDA BRASIL;555;;VILA FREZZARIM;Americana;SP;13465240
355721;AV ANA COSTA;211;;ENCRUZILHADA;Santos;SP;11060001
354619;RUA ALEXANDRE CARLOS DE MELO;118;ANEXO II;JD. AEROPORTO;SÃ£o JosÃ© do Rio Pardo;SP;13720000
303178;AV. DOM JOSE TUPINAMBÃ DA FROTA;1951;;CENTRO;Sobral;CE;62010290
318388;RUA CAPITÃƒO JOSÃ‰ VICENTE DE MORAES;97;;ESPLANADA MENDES;SÃ£o Roque;SP;18130780
361941;RUA CEL. AURELIANO DE CAMARGO;645;;CENTRO;TatuÃ­;SP;18270170
363286;RUA CEL. AUGUSTO MONTEIRO;595;;CENTRO;TaubatÃ©;SP;12020160
342386;AV. ANTONIO TRAJANO;1110;;CENTRO;TrÃªs Lagoas;MS;79601002
364860;AV MARCOLINO MARTINS CABRAL;2300;;AEROPORTO;TubarÃ£o;SC;88705002
365530;RUA PIRATININS;110;;CENTRO;TupÃ£;SP;17600100
362573;RUA NOSSA SENHORA DA SAÃšDE;118;;CENTRO;UbÃ¡;MG;36500008
364584;RODOVIA DOS METALURGICOS ;2520;;CASA DE PEDRA;Volta Redonda;RJ;27258000
328073;RUA RIO DE JANEIRO;3260;;PATRIMÃ”NIO VELHO;Votuporanga;SP;15505165
319121;RUA ITAPECERICA;427;;CENTRO;DivinÃ³polis;MG;35500018
300870;ALAMEDA SANTOS;1827;15Âº ANDAR;CERQUEIRA CÃ‰SAR;SÃ£o Paulo;SP;1419909
356123;RUA SANTA CLARA;78;;SALESIANO;Juazeiro do Norte;CE;63010065
321958;RUA PADRE LUIS FIGUEIRA;52;;CENTRO;Fortaleza;CE;60120150
312363;AV. RIO BRANCO;81;8 E 9 ANDARES;CENTRO;Rio de Janeiro;RJ;20040004
355691;RUA OTTO BOEHM;478;;AMÃ‰RICA;Joinville;SC;89201700
319996;RUA JOSÃ‰ GETÃšLIO;78/90;;ACLIMAÃ‡ÃƒO;SÃ£o Paulo;SP;1509000
312720;RUA ANTONIO CAMILO;283;;TARUMÃƒ;Curitiba;PR;82530450
325082;RUA PROFESSORA GUIOMAR PORTO;389;TÃ‰RREO;CENTRO;Barreiras;BA;47800000
350371;AV.OTAVIO SANTOS;147;;RECREIO;VitÃ³ria da Conquista;BA;45020750
311715;RUA FEDERACAO;2799;N/C;CENTRO;Taquara;RS;95600068
357022;AV. SETE DE SETEMBRO;2001;;FÃTIMA;Erechim;RS;99700000
340251;RUA BARÃƒO DO TRIUNFO;821;;CENTRO;SÃ£o Miguel do Oeste;SC;89900000
346209;AV. PRESIDENTE GETÃšLIO VARGAS;1245;;MONTE CASTELO;Teixeira de Freitas;BA;45996137
328031;RUA BARÃƒO DE MELGAÃ‡O;2754;6Âº ANDAR;CENTRO SUL;CuiabÃ¡;MT;78020800
351792;RUA MARECHAL DEODORO DA FONSECA;481;;CENTRO;Foz do IguaÃ§u;PR;85851030
354783;RUA GENERAL CARNEIRO;1595;;CENTRO;Franca;SP;14400500
336858;AV. JULIO ASSIS CAVALHEIRO;1171;;CENTRO;Francisco BeltrÃ£o;PR;85601000
352179;RUA FRANCISCO TIMM;673;;CENTRO;Santa Rosa;RS;98780803
371564;RUA SENADOR GOMES DA SILVA;410;;CENTRO;Frutal;MG;38200000
382876;PRAÃ‡A GILSON ALVES DE SOUZA;650;T-7 ESQ. C/T-1;SETOR BUENO;GoiÃ¢nia;GO;74210250
386588;RUA DOM PEDRO II;435;;CENTRO;Governador Valadares;MG;35010090
360449;RUA DOM JAIME CAMARA;94;;CENTRO;FlorianÃ³polis;SC;88015120
322571;RUA CAPITÃƒO ROCHA, 1273;1263 a 1273;;CENTRO;Guarapuava;PR;85010270
318035;RUA CORONEL ANTONIO COSTA;306;;CENTRO;GuaxupÃ©;MG;37800000
301124;AVENIDA ALAGOAS;2125;L 01 - QD A - LOTEAMENTO DOM PEDRO I;CENTRO;Gurupi;TO;77410070
304395;PRAÃ‡A BARAO DE SARAMENHA;1;;SARAMENHA;Ouro Preto;MG;35400000
320838;RUA JOSÃ‰ ALVES DE PAULA;25;;RESIDENCIAL BELO HORIZONTE;Varginha;MG;37031217
335517;RUA DR. SIZENANDO DE BARROS;62;2Âº ANDAR;CENTRO;Itabira;MG;35900006
322831;AVENIDA CESARIO ALVIM;382;;CENTRO;ItajubÃ¡;MG;37501059
356581;RUA ANTÃ”NIO DE MATOS ;146;GALERIA - EDIF. PORTINARI;CENTRO;ItaÃºna;MG;35680030
301060;AV. DEZESSETE;1196;;CENTRO;Ituiutaba;MG;38300132
321044;AV MARECHAL DEODORO;420;;TORRE;JoÃ£o Pessoa;PB;58040910
352314;RUA FLORIANOPOLIS;27;PRÃ‰DIO;CARNEIRINHOS;JoÃ£o Monlevade;MG;35930018
306886;RUA ESPÃRITO SANTO;1115;SALA 03 E SALA 06 - 25Âº ANDAR;CENTRO;Juiz de Fora;MG;36016905
303267;AV. DONA MANOELA LACERDA DE VERGUEIRO ;25;;ANHANGABAÃš;JundiaÃ­;SP;13208057
345458;RUA DESEMBARGADOR ALBERTO LUZ;211;;CENTRO;Lavras;MG;37200000
386901;RUA RIBEIRO JUNQUEIRA;175;;CENTRO;Leopoldina;MG;36700000
358088;RUA CORONEL ERNESTO DE OLIVEIRA;735;;VILA CONRADO;SÃ£o JoÃ£o da Boa Vista;SP;13870249
303356;AV. CEL. MARCOS KONDER;1233;;CENTRO;ItajaÃ­;SC;88301303
300136;RUA AQUIDABAN;692;;CENTRO;Rio Grande;RS;96200480
327689;AV. FERNANDES LIMA;3113;;FAROL;MaceiÃ³;AL;57057000
354678;RUA ANTÃ”NIO ALKIMIN DA COSTA;230;COMPLEXO UNIMED;LOTEAMENTO DO PARQUE;Machado;MG;37750000
352543;RUA CEARA;701;;CENTRO;Imperatriz;MA;65901610
321087;AV. NILO PEÃ‡ANHA;428;;CENTRO;ValenÃ§a;RJ;27600000
301744;AV.XV DE NOVEMBRO;125;;CENTRO;JoaÃ§aba;SC;89600000
318566;RUA MIGUEL TERTULIANO;579;;ZÃ‰LIA BARBOSA ROCHA;Arapiraca;AL;57305610
311618;AV. GETÃšLIO VARGAS;1079;PRÃ‰DIO;CENTRO;Santo Ã‚ngelo;RS;98801570
304051;RUA JANUÃRIA;593;;CENTRO;Montes Claros;MG;39400077
342157;AVENIDA COUTO DE MAGALHÃƒES;385;;CENTRO;Morrinhos;GO;75650000
368148;AVENIDA JUSCELINO KUBITSCHEK;1095;;CENTRO;MuriaÃ©;MG;36880000
339679;Rua Frei Caneca;1355;08, 09, 10, 11, 12, 14, 15 e 16 Andar.;Bela Vista;SÃ£o Paulo;SP;1307003
335592;RUA MIPIBU;511;;PETROPOLIS;Natal;RN;59020250
328294;RUA ANTONIO MOISES SAAD;1155;;LAGOINHA;RibeirÃ£o Preto;SP;14095230
371629;AV GETULIO VARGAS;196;1Âº E 2Âº ANDARES;CENTRO;Colatina;ES;29700010
315494;RUA JOSINO VALADARES;33;;CENTRO;Paracatu;MG;38600000
365777;RUA JUSSARA;3691;;CENTRO;Umuarama;PR;87501010
360414;AV GETULIO VARGAS;473;;CENTRO;Santo AntÃ´nio de PÃ¡dua;RJ;28470000
357260;RUA SIQUEIRA COUTO;93;5Âº ANDAR;CENTRO;IjuÃ­;RS;98700000
371777;AV AUGUSTO CALMON;2050;;COLINA;Linhares;ES;29900060
353663;RUA DAS ALPINIAS;679;;JARDIM MARINGÃ;Sinop;MT;78556259
358282;RUA PARAIBA;321;;CENTRO;CornÃ©lio ProcÃ³pio;PR;86300000
312592;RUA 10 DE MAIO;254;;CENTRO;Itaperuna;RJ;28300000
323055;RUA CORONEL FLAUZINO BARBOSA SANDOVAL;1480;;CIDADE UNIVERSITÃRIA;Ituverava;SP;14500000
366064;RUA DOS EXPEDICIONARIOS;337;;CENTRO;Jacarezinho;PR;86400000
324213;AV. CARNEIRO DA CUNHA;64;;TORRE;JoÃ£o Pessoa;PB;58040240
335479;RUA PRUDENTE DE MORAES;60;;VILA NOVA;Nova Friburgo;RJ;28630010
344397;RUA CORONEL BERNARDINO DE MELO;1879;;CENTRO;Nova IguaÃ§u;RJ;26255140
305227;AVENIDA BRASILIA ;2291;;CENTRO;Medianeira;PR;85884000
362140;TRAVESSA DOM AMANDO;911;;SANTA CLARA;SantarÃ©m;PA;68005420
415014;RUA CAMPOS SALLES;1013;;CENTRO;Itatiba;SP;13250360
309907;Q ACSU SO 40 RUA NS A;SN;CONJ 02 LOTE 08 ANDAR 1;PLANO DIRETOR SUL;Palmas;TO;77015554
369233;AVENIDA GRACILIANO RAMOS ;198;;PARAISO;Palmeira dos Ãndios;AL;57602130
324523;AV. CARNEIRO DA CUNHA;89;;TORRE;JoÃ£o Pessoa;PB;58040240
304344;Avenida Presidente Vargas;2725;;Senador Valadares;ParÃ¡ de Minas;MG;35661044
370681;RUA TAMOIO;253;;CENTRO;Pato Branco;PR;85501067
336467;AV DOUTOR PEDRO FIRMINO;295;;BRASÃLIA;Patos;PB;58700350
353060;AV. BRASIL;966;;CENTRO;Patos de Minas;MG;38700188
355593;AVENIDA DOM JOSE ANDRE COIMBRA;1426;;CENTRO;PatrocÃ­nio;MG;38740000
311375;RUA ALMIRANTE BARROSO;2309;CASA;CENTRO;Pelotas;RS;96010280
323993;RUA D. PEDRO I;465;;CENTRO;PetrÃ³polis;RJ;25610020
362832;AVENIDA GENERAL CAMARA;589;;CENTRO;Cruz Alta;RS;98025780
319384;RUA LAVA PÃ‰S;1898;2Âº ANDAR;NONOAI;Passo Fundo;RS;99010170
349712;RUA SANTOS DUMONT;1036;;CENTRO;Ponta Grossa;PR;84010360
353876;RUA ITUIUTABA;555;;CENTRO;Iturama;MG;38280000
343722;AVENIDA DOM BOSCO;447;;PALMEIRAS;Ponte Nova;MG;35430232
352501;AV VENANCIO AIRES;1040;;BOM FIM;Porto Alegre;RS;90040192
337374;AVENIDA CARLOS GOMES;1259;;CENTRO;Porto Velho;RO;76801109
316148;AVENIDA GENTIL MESSIAS;217;;VILA CRUZ;PoÃ§os de Caldas;MG;37701528
344885;AV. LINS PETIT;140;;PAISSANDU;Recife;PE;50070225
311847;AVENIDA MOGI MIRIM;2679;;JARDIM GUAÃ‡U MIRIM;Mogi GuaÃ§u;SP;13844115
306100;AV.JOSE CUSTODIO DE OLIVEIRA;1385;;CENTRO;Campo MourÃ£o;PR;87300020
316458;AV EURIPEDES DE AGUIAR;943;;CENTRO;Floriano;PI;64800000
313475;PÃ‡A FELIX PACHECO;676;;CENTRO;Picos;PI;64600000
306762;RUA ALVARO FLORET;565;;VILA HILST;JaÃº;SP;17207020
371254;AV. BENTO MUNHOZ DA ROCHA NETO;750;;-;MaringÃ¡;PR;87030010
305472;RUA JOAO MANOEL DE SOUZA;889;;CENTRO;Itumbiara;GO;75526030
350648;AV 7 DE SETEMBRO;679;;CENTRO;BagÃ©;RS;96400006
328375;AV. 24 DE MAIO;1016;;CENTRO;Sant'Ana do Livramento;RS;97573450
353698;AV. PÃTRIA;1795;;SOMMER;Carazinho;RS;99500000
330566;RUA NICOLAU TARANTO;239;;COMERCIAL;Resende;RJ;27542020
337871;RUA JOSÃ‰ DE MELO;418;;BOSQUE;Rio Branco;AC;69908330
320251;RUA COSTA GOMES;208;;CENTRO;Rio Verde;GO;75901050
359777;RUA RIO BRANCO;933;;CENTRO;RondonÃ³polis;MT;78700180
346276;RODOVIA JOSÃ‰ NELSON SCHINCARIOL (RODOVIA;2500;;CANJICA;Itu;SP;13301914
319708;RUA GASPAR MARTINS;1482;;NOSSA SENHORA MEDIANEIRA;Santa Maria;RS;97060260
331872;AVENIDA CASSIANO RICARDO;401;10 ANDAR, ED. HYDE PARK;JARDIM AQUÃRIUS;SÃ£o JosÃ© dos Campos;SP;12246870
335100;AV BADY BASSITT;3877;;VILA IMPERIAL;SÃ£o JosÃ© do Rio Preto;SP;15015700
416801;ALAMEDA MINISTRO ROCHA AZEVEDO;346;4Âº ANDAR;CERQUEIRA CÃ‰SAR;SÃ£o Paulo;SP;1410000
701;ALAMEDA MINISTRO ROCHA AZEVEDO;346;EdifÃ­cio Seguros, andares tÃ©rreo ao 9Âº, ;CERQUEIRA CESAR;SÃ£o Paulo;SP;1410901
337668;RUA SOCORRO;100;;SAO JOSE;Aracaju;SE;49015300
325571;RUA MOREIRA CESAR;2400;;PIO X;Caxias do Sul;RS;95034000
349534;RUA CORONEL RANDOLFO SIMÃ•ES;281;;BOA VISTA;Sete Lagoas;MG;35700102
348295;Rodovia Raposo Tavares, KM 103 + 670 met;103670;KM 103 + 670 metros Lote D-2/A-2;RegiÃ£o Oeste ;Sorocaba;SP;18052775
343153;RUA MANOEL GADELHA FILHO;37;TERREO;CENTRO;Sousa;PB;58802000
324175;AV. DR. BRENO SOARES MAIA;264;;BELO HORIZONTE;Passos;MG;37900110
327468;AV. CORONEL ACÃCIO PIEDADE;771;;CENTRO;Itapeva;SP;18400180
320706;AV FRANCISCO LACERDA DE AGUIAR;46;;GILBERTO MACHADO;Cachoeiro de Itapemirim;ES;29303300
353027;RUA DOUTOR VIRGILIO DE REZENDE;810;;CENTRO;Itapetininga;SP;18200046
354031;RUA VICENTE PELICANO;945;;AZULVILLE;SÃ£o Carlos;SP;13571000
323926;AV. HERMILIO ALVES;210;;CENTRO;SÃ£o JoÃ£o del Rei;MG;36307328
327638;RUA CAPITAO BRAZ;68;;CENTRO;SÃ£o JoÃ£o Nepomuceno;MG;36680000
370088;AV. ANTÃ”NIO JUNQUEIRA DE SOUZA;476;;CENTRO;SÃ£o LourenÃ§o;MG;37470000
327352;AV. DOUTOR DELFIM MOREIRA ;1400;;CENTRO;SÃ£o SebastiÃ£o do ParaÃ­so;MG;37950000
316881;RUA ALEXANDRE MATTAR;137;;SÃƒO DIOGO;TeÃ³filo Otoni;MG;39803075
353353;RUA SÃƒO JOÃƒO;1262;;CENTRO;Teresina;PI;64001360
359033;AV. DR.MOACIR REZENDE;358;;CENTRO;TrÃªs CoraÃ§Ãµes;MG;37410000
364070;RUA BARÃƒO DA BOA ESPERANÃ‡A;256;;CENTRO;TrÃªs Pontas;MG;37190000
337498;RUA DR BERNARDO BELLO;63;;CENTRO;TrÃªs Rios;RJ;25804030
354066;RUA ALAOR PRATA;294;;CENTRO;Uberaba;MG;38015010
384577;AVENIDA JOAO PINHEIRO ;639;;CENTRO;UberlÃ¢ndia;MG;38400126
335541;AV. JULIO DE CASTILHOS;135;;CENTRO;Nova Prata;RS;95320970
359289;Rubens Siqueira Maia;2030;Anexo Operadora;Bairro Centro;Coronel Fabriciano;MG;35170460
337561;PRAÃ‡A CORONEL MAXIMIANO;33;;CENTRO;Carangola;MG;36800000
313211;RUA OSVALDO ARANHA;1315;;CENTRO;Montenegro;RS;95780000
302228;RUA 13 DE MAIO;13;;SETOR GUANABARA;Ipameri;GO;75780000
370975;RUA GERMANO GREVE;734;;CENTRO;Mirassol d'Oeste;MT;78280000
334511;RUA VISCONDE DE PINDAMONHANGABA;100;;JARDIM BOA VISTA;Pindamonhangaba;SP;12401011
308811;RUA IPIRANGA;962;;CENTRO;Palotina;PR;85950000
314099;RUA JOSÃ‰ CORSINO;486;W;CENTRO;TangarÃ¡ da Serra;MT;78300000
356417;RUA TUPI ;962;;CENTRO;Novo Hamburgo;RS;93320050
323268;RUA DO COLISEU;123;;CENTRO;Petrolina;PE;56302390
311057;RUA RONCADOR;327;;CENTRO;UnaÃ­;MG;38610019
344729;Rua IrmÃ£o MÃ¡rio Esdras;200;;Vila Pinto;Varginha;MG;37010660
317896;RUA MAESTRO FILOMENO DOS SANTOS;109;;CENTRO;ManhuaÃ§u;MG;36900000
342131;AV. CAPITÃƒO CASTRO;4376;PREDIO;CENTRO;Vilhena;RO;76980010
357391;AV. CESAR HILAL;700;3Âº E 4Âº ANDARES;BENTO FERREIRA;VitÃ³ria;ES;29050903
314587;RUA GOMES BARBOSA;70;LOJA 02;CENTRO;ViÃ§osa;MG;36570101
393321;AV. AYRTON SENNA;2500;BL 01, SL 404/408, BL 03, SL 101/109, SS;BARRA DA TIJUCA;Rio de Janeiro;RJ;22775003
343731;RUA DR.BORMAN;51;11Âº andar;CENTRO;NiterÃ³i;RJ;24020320
414891;RUA RÃDIO CLUBE DE PERNAMBUCO;88;;MAURÃCIO DE NASSAU;Caruaru;PE;55012530
403512;RUA PADRE JEFERSON DE CARVALHO;43;;ALTO DO CRUZEIRO;Arapiraca;AL;57312480
340120;RUA SANTO ANDRÃ‰;340;;NOVA JABOTICABAL;Jaboticabal;SP;14887030
383929;AVENIDA SOARES LOPES;386;;CENTRO;IlhÃ©us;BA;45653005
327093;RUA VICENTE PASCHOAL;1261;;CENTRO;Bebedouro;SP;14700340
368555;AV GENTIL BITTENCOURT;1212;;NAZARÃ‰;BelÃ©m;PA;66040000
353752;AV. JÃšLIO DE CASTILHOS;745;SALA 204;CENTRO;Lajeado;RS;95900000
343919;RUA SENADOR JOSÃ‰ BERNARDO ;663;;CENTRO;CaicÃ³;RN;59300000
347604;RUA PADRE ANCHIETA;105;VILA PAVAN;CENTRO;Americana;SP;13465000
349283;RUA JOVENTINA ALVES;265;;SALGADO FILHO;Aracaju;SE;49020330
316997;RUA VOLUNTARIOS DA PATRIA;1947;;CENTRO;Araraquara;SP;14801320
362824;RUA GENERAL OSÃ“RIO;310;;CENTRO;AraÃ§atuba;SP;16010290
311669;RUA DISTRITO FEDERAL;1001;;CENTRO;AvarÃ©;SP;18700160
347477;RUA JOAO PASSOS;1310;;CENTRO;Botucatu;SP;18600040
347302;RUA CEL JOÃƒO  DIAS GUIMARÃƒES;20;;CENTRO;CaÃ§apava;SP;12281350
350494;AV BRASIL;200;;VILA ITAPURA;Campinas;SP;13023075
347183;RUA ANTONIO MARIA COELHO;1463;;CENTRO;Campo Grande;MS;79002221
402516;RUA SALDANHA MARINHO;416;LOJA 218;CENTRO;Campos dos Goytacazes;RJ;28010270
354686;PRAÃ‡A 9 DE JULHO;141;;CENTRO;Catanduva;SP;15800225
400556;RUA CASTRO ALVES;1511;2Âº andar , sala 208 - EdifÃ­cio Meritum C;CENTRO;Feira de Santana;BA;44001184
301647;AV DOS ARNALDOS;830;TERREO;CENTRO;FernandÃ³polis;SP;15600000
335258;RUA  COSTA BARROS;915;;CENTRO;Fortaleza;CE;60160280
309257;RUA SETE;2444;;CENTRO;Jales;SP;15700000
361569;AV. DUARTE DA SILVEIRA;541;;CENTRO;JoÃ£o Pessoa;PB;58013280
347795;RUA PETRONILHA ANTUNES;211;;CENTRO;JundiaÃ­;SP;13201080
369462;RUA TREZE DE MAIO;70;;JARDIM MERCEDES;Limeira;SP;13480171
344681;RUA PEDRO DE TOLEDO;880;;CENTRO;Lins;SP;16400106
350770;RUA PAES LEME;956;;JARDIM AMERICA;Londrina;PR;86010610
311391;RUA LEONARDO MALCHER;598;;CENTRO;Manaus;AM;69010170
343404;AV. GENERAL MELLO;448;;DOM AQUINO;CuiabÃ¡;MT;78015300
336238;RUA GUSTAVO DE GODOY;597;;CENTRO;Monte Alto;SP;15910000
331104;PRAÃ‡A PADRE JOÃƒO FARIA FIALHO;51;;CENTRO;Pindamonhangaba;SP;12400190
336017;AVENIDA CORONEL JOSÃ‰ SOARES MARCONDES;454;;VILA MACHADINHO;Presidente Prudente;SP;19020120
305740;RUA MONTEVIDÃ‰U;172;SALA 902 - EMPRESARIAL DESEMBARGADOR  PE;BOA VISTA;Recife;PE;50050250
403997;AV. CEARÃ;2219;;DOM GIOCONDO;Rio Branco;AC;69900303
349011;RUA 2;918;AVS.3 E 5;CENTRO;Rio Claro;SP;13500150
336025;RUA JAMARY ;1783;;PEDRINHAS;Porto Velho;RO;76801492
310107;RUA FRANCISCO GONÃ‡ALVES;1;SALA 205/206;COMERCIO;Salvador;BA;40015090
378682;AVENIDA INDEPENDÃŠNCIA;5;;CENTRO;SÃ£o JosÃ© do Rio Pardo;SP;13720000
342203;RUA VITÃ“RIA;123;CASA;CENTRO;Blumenau;SC;89010250
373109;RUA CARLOS GOMES;684;;CENTRO;SertÃ£ozinho;SP;14160020
334243;AV. BARÃƒO DE TATUI;628;;J. VERGUEIRO;Sorocaba;SP;18030000
313751;PRAÃ‡A PRESIDENTE KENNEDY;24;;CENTRO;SÃ£o JosÃ© dos Campos;SP;12245730
350290;RUA GENERAL OSÃ“RIO;1309;;CENTRO;Taquaritinga;SP;15900000
359726;TRAVESSA AUGUSTO DE ALMEIDA;44;SALA 315 E 316;CENTRO;TrÃªs Rios;RJ;25804130
350630;RUA FREI DAMIÃƒO;2856;;SANTA ELISA;Votuporanga;SP;15505187
314315;RUA CORREIA DIAS ;185;;PARAÃSO;SÃ£o Paulo;SP;4104000
358339;RUA RUI DE ALMEIDA;519;;CENTRO;Itumbiara;GO;75503090
313807;RUA CIRO MELLO;2658;;JARDIM CENTRAL;Dourados;MS;79805031
370711;RUA RESK SALIN CARONE;50;EDIF IBISA;GILBERTO MACHADO;Cachoeiro de Itapemirim;ES;29303310
341894;AV. 24 DE MAIO;1091;;CENTRO;Sant'Ana do Livramento;RS;97573450
358436;RUA T-27;1115;Quadra 65, Lote 4;SETOR BUENO;GoiÃ¢nia;GO;74215030
343056;AVENIDA MAJOR ACÃCIO FERREIRA;670;;JD. LEONÃDIA;JacareÃ­;SP;12327070
401919;RUA JOSÃ‰ PERES;46;LOJA 01;CENTRO;Leopoldina;MG;36700000
300195;RUA MARECHAL DEODORO;411;;CENTRO;MacaÃ©;RJ;27910310
321125;AV. SANTA RITA DE CASSIA;278;;FAROL;MaceiÃ³;AL;57051600
381144;AVENIDA PAPA JOAO XXIII;513;;ZONA 02;MaringÃ¡;PR;87010060
382337;AVENIDA PRESIDENTE VARGAS;263;GRUPO 102;CENTRO;Duque de Caxias;RJ;25070330
303291;AV DIOCESANA;266;;NOVA BETANIA;MossorÃ³;RN;59603200
419729;RUA BONSUCESSO;472;;SÃƒO FRANCISCO;Passos;MG;37902000
361593;Rua Silvia ;110;10Âº andar - EdifÃ­cio Santa LÃºcia ;Bela Vista ;SÃ£o Paulo;SP;1331010
402109;AV. GETULIO VARGAS;421;SALA 206, 2 ANDAR;CENTRO;Paulo Afonso;BA;48601260
346004;RUA ALFARES JOSÃ‰ CAETANO ;1352;;CENTRO;Piracicaba;SP;13400123
378941;RUA JOAQUIM PROCÃ“PIO DE ARAÃšJO;1470;;CENTRO;Pirassununga;SP;13630082
315818;RUA BARÃƒO DO CERRO AZUL;618;;CENTRO;Ponta Grossa;PR;84010210
366439;AV. INDEPENDÃŠNCIA;914;;INDEPENDÃŠNCIA;Porto Alegre;RS;90035072
344451;AV JOÃƒO XXIII;697;;SANTA MARIA;UberlÃ¢ndia;MG;38408056
406121;RUA ISAAC DAVID HALPERN;64;;COMERCIAL;Resende;RJ;27541140
367966;RUA LUIZ LOREA;263;;CENTRO;Rio Grande;RS;96200350
305421;RUA QUINTINO BANDEIRA;64;1Âº ANDAR - EDIF. SAMPAIO;SÃƒO GERALDO;Porto Alegre;RS;90220050
327441;RUA OSCAR VIDAL;373;;CENTRO;Juiz de Fora;MG;36016290
314871;RUA NIVALDO RIBEIRO;5;;CENTRO;Rio Verde;GO;75901120
363171;RUA PROFESSORA CLÃ‰LIA;12;;VILA SANTA CECILIA;Volta Redonda;RJ;27260500
335525;RUA 15 DE NOVEMBRO;2597;;CENTRO;SÃ£o Carlos;SP;13560241
303259;RUA INDEPENDENCIA ;2651;;CENTRO;SÃ£o JosÃ© do Rio Preto;SP;15010110
319350;RUA DR. SOUZA ALVES ;728;;CENTRO;TaubatÃ©;SP;12020030
370568;RUA CORONEL MANOEL BORGES;618;;CENTRO;Uberaba;MG;38060340
382655;PRAÃ‡A DOUTOR GAMA RODRIGUES;365;;CRUZ;Lorena;SP;12606080
345318;RUA AÃ‡U;665;;TIROL;Natal;RN;59020110
420808;AV TEOTÃ”NIO PARREIRA COELHO ;860;SALA 01;INGA ALTO;Betim;MG;32604376
421278;RUA MINAS GERAIS;165;;VILA PINHEIRO;JacareÃ­;SP;12307060
423114;Rua JoÃ£o Pessoa de Matos;330;Sala 501 e 502;Praia da Costa;Vila Velha;ES;29101115
423335;QS 3 EPCT ;SN;LOTES 3  5  7 E 9  - SALAS 1701 A 1716 -;ÃGUAS CLARAS ;BrasÃ­lia;DF;71953000
413348;RUA LARA CAMPOS ;183;;CENTRO;TietÃª;SP;18530000
422134;AV MELCHERT ;926;3 ANDAR;VILA MATILDE;SÃ£o Paulo;SP;3508000
418137;RUA ARQUIMEDES GONÃ‡ALVES;219;;NAZARÃ‰;Salvador;BA;40050300
414581;PRAÃ‡A CORONEL TERTULIANO ALMEIDA;5;;CENTRO;Feira de Santana;BA;44001256
423131;Avenida das AmÃ©ricas;500;BLOCO 03, LOJA 105;Barra da Tijuca;Rio de Janeiro;RJ;22640904
422126;RUA CONSTRUTOR SEBASTIAO SOARES DE SOUZA;96;Salas 203 a 207;Praia da Costa;Vila Velha;ES;29101350
422223;AVENIDA ANTONIO CARLOS COMITRE ;540;1 ANDAR - SALA 14;PARQUE CAMPOLIM ;Sorocaba;SP;18047620
419061;AVENIDA ALVARO MAIA;742;SALA 102;CENTRO;Manaus;AM;69025070
424048;AV. CARDOSO DE SÃ;647;;CENTRO;Petrolina;PE;56302110
345695;PRAIA DE BOTAFOGO;186;SALA 701 A 1901 - TORRE OSCAR NIEMEYER;BOTAFOGO;Rio de Janeiro;RJ;22250145
417301;AVENIDA DO CONTORNO;4265;5Âº ANDAR;SÃƒO LUCAS;Belo Horizonte;MG;30110021
417581;AVENIDA ASSIS CHATEAUBRIAND;288;SALA 02 e 03;FLORESTA;Belo Horizonte;MG;30150100
423751;AL SANTOS;415.0;CONJ 131 ANDAR 13;CERQUEIRA CESAR;SÃ£o Paulo;SP;1419913
424013;RUA NOSSA SENHORA DA CONCEICAO;756;LETRA A SALA 05;CENTRO;Contagem;MG;32044000
420018;RUA AFONSO ARINOS DE MELO FRANCO;222;BLOCO 01 - SALA 1701;BARRA DA TIJUCA;Rio de Janeiro;RJ;22631455
422240;RUA DA ASSEMBLÃ‰IA;10;SALA 3811;CENTRO;Rio de Janeiro;RJ;20011901
422835;RUA PROFESSOR JOSÃ‰ RANIERI;ago/55;CONJUNTO B;CENTRO;Bauru;SP;17015361
416789;RUA AMÃLIA DE NORONHA;151;CONJUNTO 701;PINHEIROS;SÃ£o Paulo;SP;5410010
344443;AV MOACYR SAUDINO;271;BOX 22  - 3Âº ANDAR;CENTRO;Alfredo Chaves;ES;29240000
405582;RUA PIMENTA DE PADUA;2219;;N. SRA. DE FATIMA;SÃ£o SebastiÃ£o do ParaÃ­so;MG;37950000
403911;Avenida RepÃºblica do Chile ;230;Sala 2601;Centro ;Rio de Janeiro;RJ;20031170
414905;AVENIDA PRESIDENTE ITAMAR FRANCO;4001;LOJA 202 E;CASCATINHA;Juiz de Fora;MG;36033318
423831;Avenida Manoel Dias da Silva;737;EdifÃ­cio Multi 1Âº andar - sala 2;Pituba;Salvador;BA;41830000
423378;Rua JosÃ© Versolato;111;bloco b, sala 3014;centro;SÃ£o Bernardo do Campo;SP;9750730
422592;Avenida Doutora Ruth Cardoso;7221;7Âº andar;Pinheiros;SÃ£o Paulo;SP;5425070
361461;AVENIDA T-10;208;LOTES 9/12, QUADRA 102, ED. NEW TIMES SQ;SETOR BUENO;GoiÃ¢nia;GO;74223060
414662;Rua Santos Dumont;3275;Centro Empresarial Empire Center - 11Âº A;ZONA 01;MaringÃ¡;PR;87013050
422657;AVENIDA NILO PEÃ‡ANHA;50;GRP 2412;CENTRO;Rio de Janeiro;RJ;20020906
417122;Avenida Brigadeiro Faria Lima;1478;15Âº andar, cj. 1501;Jardim Paulistano;SÃ£o Paulo;SP;1472900
422487;Rua Augusta;1846;2Âº andar, conjunto 211;Cerqueira CÃ©sar;SÃ£o Paulo;SP;1412000
414247;AV. JUSCELINO KUBITSCHECK DE OLIVEIRA;2600;LAT DIREITA;CIC;Curitiba;PR;81260900
423742;RUA ITALIA;33.0;;JARDIM BONFIGLIOLI;JundiaÃ­;SP;13207280
421049;Avenida GetÃºlio Vargas;196;5Âº andar;Centro;Colatina;ES;29700010
419231;RUA MINISTRO OROZIMBO NONATO;442;SALAS 701, 702, 707 e 708;VILA DA SERRA;Nova Lima;MG;34006053
351628;RUA PADRE GATONE;20;SALA 11;CENTRO;Brusque;SC;88350350
421936;RUA TEÃ“FILO OTONI;82;SALA 501;Centro;Rio de Janeiro;RJ;20090070
423084;R LEOPOLDO DE BULHOES;40;4ÂºANDAR;VILA CLEMENTINO;SÃ£o Paulo;SP;4022020
423505;AVENIDA PRESIDENTE JUSCELINO KUBITSCHEK;1909;26Âº ANDAR (PARTE);VILA NOVA CONCEIÃ‡ÃƒO;SÃ£o Paulo;SP;4543907
422380;Rua Albita;131;1o Andar / 101;Cruzeiro;Belo Horizonte;MG;30310160
423092;Rua da Paisagem;220.0;Sala 11S;Vila da Serra;Nova Lima;MG;34006059
424315;RUA QUINZE DE NOVEMBRO;228;APT 304;CENTRO;NiterÃ³i;RJ;24020125
419354;AV. JORNALISTA ROBERTO MARINHO;85;20Âº ANDAR;CIDADE MONÃ‡Ã•ES;SÃ£o Paulo;SP;4576010
400882;R. ELPIDIO GOMES;1262;;CENTRO;SertÃ£ozinho;SP;14160620
407534;RUA SÃƒO JANUÃRIO;468;;VASCO DA GAMA;Rio de Janeiro;RJ;20921003
421944;RUA BARATA RIBEIRO;288;TÃ‰RREO;VILA ITAPURA;Campinas;SP;13015097
